Workbook

Sheet 안내
A1: 실측 참가자 섭외 케이스 · 자세별 합격 기준 (64ch)
A2: SeatCare 64채널(방석 32 + 등받이 32) 실측용. 작성 2026-10-18, 근거 데이터: feat/yewon 커밋 27c67e4 (4명 28파일).
A4: 이 파일로 할 수 있는 것
A5: 1 | B5: 섭외: '섭외 케이스'에서 누구를 더 모아야 하는지 보고, '참가자 명단'에 사람을 적으면 키·체중으로 케이스가 자동 배정됩니다.
A6: 2 | B6: 수집: '합격 기준'의 자세 요령대로 8자세를 수집합니다(자세당 20초).
A7: 3 | B7: 점검: 수집한 폴더에 qc_64ch.py를 돌려 나온 CSV를 '수집 현황' A6부터 붙여 넣으면 파일마다 PASS/FAIL이 나옵니다.
A8: 4 | B8: 확인: '자세 수집 현황'에서 사람 × 자세별 부족한 칸을 보고, 불합격 파일은 파일명에 _reject를 붙여 재촬영합니다.
A9: 5 | B9: 조정: 사람이 늘면 '실측 관찰값'을 보며 '합격 기준 수치표'의 숫자를 고칩니다. 판정과 설명이 함께 바뀝니다.
A11: 자세 8종 (앱 순서 0~7)
A12: 값 | B12: 코드 | C12: 영문 | D12: 한글 | E12: 등받이 핵심 신호 | F12: 방석 핵심 신호
A13: 0 | B13: p0 | C13: not_sitting | D13: 앉지 않음 | E13: 전부 0 | F13: 전부 0
A14: 1 | B14: p1 | C14: sitting_straight | D14: 정자세 | E14: 허리·중간 줄 접촉 | F14: 좌우 균형(40~60%)
A15: 2 | B15: p2 | C15: lean_forward | D15: 앞으로 숙이기 | E15: 전부 0 (등이 안 닿음) | F15: 엉덩이 비중 감소(32% 이하)
A16: 3 | B16: p3 | C16: cross_leg_right | D16: 오른다리 꼬기 | E16: 접촉 유지 | F16: 오른쪽 비율 낮아짐(46% 이하)
A17: 4 | B17: p4 | C17: cross_leg_left | D17: 왼다리 꼬기 | E17: 접촉 유지 | F17: 오른쪽 비율 높아짐(60% 이상)
A18: 5 | B18: p5 | C18: lean_right | D18: 오른쪽 기대기 | E18: 오른쪽 비율 80% 이상 | F18: 오른쪽 비율 52% 이상
A19: 6 | B19: p6 | C19: lean_left | D19: 왼쪽 기대기 | E19: 오른쪽 비율 20% 이하 | F19: 뚜렷한 신호 없음
A20: 7 | B20: p7 | C20: turtle_neck | D20: 거북목 | E20: 등은 닿고 어깨 줄 거의 0 | F20: 정자세와 비슷(40~60%)
A22: 좌표계 (2026-10-18, 방석·등받이 모두 뒤집은 뒤 기준)
A23: • | B23: 방석 ch0~31: 번호가 작을수록 사용자의 왼쪽. 엉덩이 ch0~9, 허벅지 ch10~23, 무릎 ch24~31 (위아래는 그대로).
A24: • | B24: 등받이 ch32~63: 번호가 작을수록 사용자의 오른쪽. 허리 ch32~41, 중간 ch42~55, 어깨 ch56~63.
A25: • | B25: 뒤집기 전에 모은 32ch 데이터는 좌우가 반대입니다. 이 파일의 기준과 qc_64ch.py는 뒤집은 뒤 데이터에만 쓰세요.
A27: 시트 구성
B28: 섭외 케이스 | C28: 기본 18(성별×키×체형) + 확장 17. 우선순위·목표·확보·부족
B29: 참가자 명단 | C29: 사람 입력 → BMI·케이스·합격 현황 자동
B30: 분류 기준 | C30: 케이스 구간 경계값(키·BMI)
B31: 합격 기준 | C31: 자세별 요령·기대 패턴·수치 기준·실패 조치, 공통 품질, 참가자 단위 기준
B32: 합격 기준 수치표 | C32: 판정에 쓰이는 숫자(하한/상한). 여기만 고치면 전체가 바뀜
B33: 수집 현황 | C33: 파일별 지표와 자동 판정(PASS/FAIL)
B34: 자세 수집 현황 | C34: 사람 × 자세 합격 파일 수, 부족 표시
B35: 실측 관찰값 | C35: 자세 × 지표의 최소·평균·최대와 현재 기준
A37: 색 규칙
B38: 노란 칸 + 파란 글씨 | C38: 직접 입력하는 칸 (키·체중, 목표 인원, 기준값 등)
B39: 파란 글씨 | C39: 실측에서 가져온 고정 입력값 / 직접 바꿀 수 있는 기준 숫자
B40: 초록 글씨 | C40: 다른 시트를 참조하는 수식
B41: 검정 글씨 | C41: 같은 시트 안에서 계산되는 수식 / 설명 문구
A43: 알아 둘 한계
A44: • | B44: 수치 기준은 4명 28파일(자세당 2~4개)에서 정한 초안입니다. 사람이 늘면 바뀔 수 있습니다.
A45: • | B45: 방석 좌우는 '방석도 뒤집었다'는 팀 확인에 따랐습니다. 등받이처럼 데이터로 경계를 확정한 것은 아니므로 탭 테스트로 확인하세요. 방석 좌우가 반대라면 방석 오른쪽 비율 기준(40~60, 46 이하, 60 이상, 52 이상)을 100에서 뺀 값으로 바꿔야 합니다.
A46: • | B46: 왼쪽 기대기는 방석에 뚜렷한 쏠림이 없어서(관찰 44~55%) 등받이로만 판정합니다.
A47: • | B47: 거북목은 어깨 줄만으로 정자세와 구분되지 않습니다(정자세도 어깨 줄이 0인 사람이 많음). 등 접촉이 정자세보다 약해지는 점과 함께 봐야 합니다.
A48: • | B48: 이 기준으로 2026-10-18 파일을 판정하면 aro·junseo 거북목, aro 일부 파일이 불합격으로 나옵니다. 그 결과가 '수집 현황'에 그대로 나와 있습니다.
A49: • | B49: BMI·키는 케이스를 나누는 숫자일 뿐이며 건강을 판단하지 않습니다. 개인 키·체중은 팀 내부에서만 공유하세요.

Sheet 섭외 케이스
A1: 실측 참가자 섭외 케이스 (64ch: 방석 + 등받이)
A2: 기본 18케이스(성별 × 키 × 체형) + 확장 17케이스. 우선순위 1만 모아도 6명(남녀 포함)이 됩니다. 확보 인원은 '참가자 명단'에서 자동 집계됩니다.
A4: 케이스 ID | B4: 구분 | C4: 성별 | D4: 키 | E4: 체형 / 조건 | F4: 검증 목적 (방석·등받이에서 무엇을 보려는가) | G4: 우선순위 | H4: 목표 인원 | I4: 확보 인원 | J4: 부족 | K4: 비고
A5: F1 | B5: 기본 | C5: 여 | D5: ='분류 기준'!$C$5&"cm 미만" -> 158cm 미만 | E5: ="BMI "&'분류 기준'!$C$9&" 미만" -> BMI 18.5 미만 | F5: 앉은키가 작아 등받이 어깨 줄이 닿는 위치가 달라질 수 있음 → 거북목·정자세의 어깨 줄 값 확인; 압력이 약해 앉지 않음·앞으로 숙이기와 구분되는지, 반응 채널 수 확인 | G5: 1 | H5: 1 | I5: =COUNTIF('참가자 명단'!$H$6:$H$55,$A5)+COUNTIF('참가자 명단'!$I$6:$I$55,$A5) -> 0 | J5: =MAX(0,H5-I5) -> 1
A6: F2 | B6: 기본 | C6: 여 | D6: ='분류 기준'!$C$5&"cm 미만" -> 158cm 미만 | E6: ="BMI "&'분류 기준'!$C$9&"~"&'분류 기준'!$C$10&" 미만" -> BMI 18.5~23 미만 | F6: 앉은키가 작아 등받이 어깨 줄이 닿는 위치가 달라질 수 있음 → 거북목·정자세의 어깨 줄 값 확인 | G6: 2 | H6: 1 | I6: =COUNTIF('참가자 명단'!$H$6:$H$55,$A6)+COUNTIF('참가자 명단'!$I$6:$I$55,$A6) -> 0 | J6: =MAX(0,H6-I6) -> 1
A7: F3 | B7: 기본 | C7: 여 | D7: ='분류 기준'!$C$5&"cm 미만" -> 158cm 미만 | E7: ="BMI "&'분류 기준'!$C$10&" 이상" -> BMI 23 이상 | F7: 앉은키가 작아 등받이 어깨 줄이 닿는 위치가 달라질 수 있음 → 거북목·정자세의 어깨 줄 값 확인; 압력이 커서 포화(최댓값 고정) 여부, 접촉 면적이 넓을 때의 좌우 비율 확인 | G7: 2 | H7: 1 | I7: =COUNTIF('참가자 명단'!$H$6:$H$55,$A7)+COUNTIF('참가자 명단'!$I$6:$I$55,$A7) -> 0 | J7: =MAX(0,H7-I7) -> 1
A8: F4 | B8: 기본 | C8: 여 | D8: ='분류 기준'!$C$5&"~"&'분류 기준'!$D$5&"cm 미만" -> 158~165cm 미만 | E8: ="BMI "&'분류 기준'!$C$9&" 미만" -> BMI 18.5 미만 | F8: 압력이 약해 앉지 않음·앞으로 숙이기와 구분되는지, 반응 채널 수 확인 | G8: 2 | H8: 1 | I8: =COUNTIF('참가자 명단'!$H$6:$H$55,$A8)+COUNTIF('참가자 명단'!$I$6:$I$55,$A8) -> 0 | J8: =MAX(0,H8-I8) -> 1
A9: F5 | B9: 기본 | C9: 여 | D9: ='분류 기준'!$C$5&"~"&'분류 기준'!$D$5&"cm 미만" -> 158~165cm 미만 | E9: ="BMI "&'분류 기준'!$C$9&"~"&'분류 기준'!$C$10&" 미만" -> BMI 18.5~23 미만 | F9: 기준 케이스(키·체형 모두 중간) — 합격 기준과 모델 분포의 중심 | G9: 1 | H9: 1 | I9: =COUNTIF('참가자 명단'!$H$6:$H$55,$A9)+COUNTIF('참가자 명단'!$I$6:$I$55,$A9) -> 0 | J9: =MAX(0,H9-I9) -> 1
A10: F6 | B10: 기본 | C10: 여 | D10: ='분류 기준'!$C$5&"~"&'분류 기준'!$D$5&"cm 미만" -> 158~165cm 미만 | E10: ="BMI "&'분류 기준'!$C$10&" 이상" -> BMI 23 이상 | F10: 압력이 커서 포화(최댓값 고정) 여부, 접촉 면적이 넓을 때의 좌우 비율 확인 | G10: 2 | H10: 1 | I10: =COUNTIF('참가자 명단'!$H$6:$H$55,$A10)+COUNTIF('참가자 명단'!$I$6:$I$55,$A10) -> 0 | J10: =MAX(0,H10-I10) -> 1
A11: F7 | B11: 기본 | C11: 여 | D11: ='분류 기준'!$D$5&"cm 이상" -> 165cm 이상 | E11: ="BMI "&'분류 기준'!$C$9&" 미만" -> BMI 18.5 미만 | F11: 앉은키가 커서 어깨가 매트 위로 벗어날 수 있음, 허벅지·무릎 줄 접촉 증가 → 앞으로 숙이기 기준(엉덩이 비중) 확인; 압력이 약해 앉지 않음·앞으로 숙이기와 구분되는지, 반응 채널 수 확인 | G11: 2 | H11: 1 | I11: =COUNTIF('참가자 명단'!$H$6:$H$55,$A11)+COUNTIF('참가자 명단'!$I$6:$I$55,$A11) -> 0 | J11: =MAX(0,H11-I11) -> 1
A12: F8 | B12: 기본 | C12: 여 | D12: ='분류 기준'!$D$5&"cm 이상" -> 165cm 이상 | E12: ="BMI "&'분류 기준'!$C$9&"~"&'분류 기준'!$C$10&" 미만" -> BMI 18.5~23 미만 | F12: 앉은키가 커서 어깨가 매트 위로 벗어날 수 있음, 허벅지·무릎 줄 접촉 증가 → 앞으로 숙이기 기준(엉덩이 비중) 확인 | G12: 2 | H12: 1 | I12: =COUNTIF('참가자 명단'!$H$6:$H$55,$A12)+COUNTIF('참가자 명단'!$I$6:$I$55,$A12) -> 0 | J12: =MAX(0,H12-I12) -> 1
A13: F9 | B13: 기본 | C13: 여 | D13: ='분류 기준'!$D$5&"cm 이상" -> 165cm 이상 | E13: ="BMI "&'분류 기준'!$C$10&" 이상" -> BMI 23 이상 | F13: 앉은키가 커서 어깨가 매트 위로 벗어날 수 있음, 허벅지·무릎 줄 접촉 증가 → 앞으로 숙이기 기준(엉덩이 비중) 확인; 압력이 커서 포화(최댓값 고정) 여부, 접촉 면적이 넓을 때의 좌우 비율 확인 | G13: 1 | H13: 1 | I13: =COUNTIF('참가자 명단'!$H$6:$H$55,$A13)+COUNTIF('참가자 명단'!$I$6:$I$55,$A13) -> 0 | J13: =MAX(0,H13-I13) -> 1
A14: M1 | B14: 기본 | C14: 남 | D14: ='분류 기준'!$C$6&"cm 미만" -> 170cm 미만 | E14: ="BMI "&'분류 기준'!$C$9&" 미만" -> BMI 18.5 미만 | F14: 앉은키가 작아 등받이 어깨 줄이 닿는 위치가 달라질 수 있음 → 거북목·정자세의 어깨 줄 값 확인; 압력이 약해 앉지 않음·앞으로 숙이기와 구분되는지, 반응 채널 수 확인 | G14: 1 | H14: 1 | I14: =COUNTIF('참가자 명단'!$H$6:$H$55,$A14)+COUNTIF('참가자 명단'!$I$6:$I$55,$A14) -> 0 | J14: =MAX(0,H14-I14) -> 1
A15: M2 | B15: 기본 | C15: 남 | D15: ='분류 기준'!$C$6&"cm 미만" -> 170cm 미만 | E15: ="BMI "&'분류 기준'!$C$9&"~"&'분류 기준'!$C$10&" 미만" -> BMI 18.5~23 미만 | F15: 앉은키가 작아 등받이 어깨 줄이 닿는 위치가 달라질 수 있음 → 거북목·정자세의 어깨 줄 값 확인 | G15: 2 | H15: 1 | I15: =COUNTIF('참가자 명단'!$H$6:$H$55,$A15)+COUNTIF('참가자 명단'!$I$6:$I$55,$A15) -> 0 | J15: =MAX(0,H15-I15) -> 1
A16: M3 | B16: 기본 | C16: 남 | D16: ='분류 기준'!$C$6&"cm 미만" -> 170cm 미만 | E16: ="BMI "&'분류 기준'!$C$10&" 이상" -> BMI 23 이상 | F16: 앉은키가 작아 등받이 어깨 줄이 닿는 위치가 달라질 수 있음 → 거북목·정자세의 어깨 줄 값 확인; 압력이 커서 포화(최댓값 고정) 여부, 접촉 면적이 넓을 때의 좌우 비율 확인 | G16: 2 | H16: 1 | I16: =COUNTIF('참가자 명단'!$H$6:$H$55,$A16)+COUNTIF('참가자 명단'!$I$6:$I$55,$A16) -> 0 | J16: =MAX(0,H16-I16) -> 1
A17: M4 | B17: 기본 | C17: 남 | D17: ='분류 기준'!$C$6&"~"&'분류 기준'!$D$6&"cm 미만" -> 170~178cm 미만 | E17: ="BMI "&'분류 기준'!$C$9&" 미만" -> BMI 18.5 미만 | F17: 압력이 약해 앉지 않음·앞으로 숙이기와 구분되는지, 반응 채널 수 확인 | G17: 2 | H17: 1 | I17: =COUNTIF('참가자 명단'!$H$6:$H$55,$A17)+COUNTIF('참가자 명단'!$I$6:$I$55,$A17) -> 0 | J17: =MAX(0,H17-I17) -> 1
A18: M5 | B18: 기본 | C18: 남 | D18: ='분류 기준'!$C$6&"~"&'분류 기준'!$D$6&"cm 미만" -> 170~178cm 미만 | E18: ="BMI "&'분류 기준'!$C$9&"~"&'분류 기준'!$C$10&" 미만" -> BMI 18.5~23 미만 | F18: 기준 케이스(키·체형 모두 중간) — 합격 기준과 모델 분포의 중심 | G18: 1 | H18: 1 | I18: =COUNTIF('참가자 명단'!$H$6:$H$55,$A18)+COUNTIF('참가자 명단'!$I$6:$I$55,$A18) -> 0 | J18: =MAX(0,H18-I18) -> 1
A19: M6 | B19: 기본 | C19: 남 | D19: ='분류 기준'!$C$6&"~"&'분류 기준'!$D$6&"cm 미만" -> 170~178cm 미만 | E19: ="BMI "&'분류 기준'!$C$10&" 이상" -> BMI 23 이상 | F19: 압력이 커서 포화(최댓값 고정) 여부, 접촉 면적이 넓을 때의 좌우 비율 확인 | G19: 2 | H19: 1 | I19: =COUNTIF('참가자 명단'!$H$6:$H$55,$A19)+COUNTIF('참가자 명단'!$I$6:$I$55,$A19) -> 0 | J19: =MAX(0,H19-I19) -> 1
A20: M7 | B20: 기본 | C20: 남 | D20: ='분류 기준'!$D$6&"cm 이상" -> 178cm 이상 | E20: ="BMI "&'분류 기준'!$C$9&" 미만" -> BMI 18.5 미만 | F20: 앉은키가 커서 어깨가 매트 위로 벗어날 수 있음, 허벅지·무릎 줄 접촉 증가 → 앞으로 숙이기 기준(엉덩이 비중) 확인; 압력이 약해 앉지 않음·앞으로 숙이기와 구분되는지, 반응 채널 수 확인 | G20: 2 | H20: 1 | I20: =COUNTIF('참가자 명단'!$H$6:$H$55,$A20)+COUNTIF('참가자 명단'!$I$6:$I$55,$A20) -> 0 | J20: =MAX(0,H20-I20) -> 1
A21: M8 | B21: 기본 | C21: 남 | D21: ='분류 기준'!$D$6&"cm 이상" -> 178cm 이상 | E21: ="BMI "&'분류 기준'!$C$9&"~"&'분류 기준'!$C$10&" 미만" -> BMI 18.5~23 미만 | F21: 앉은키가 커서 어깨가 매트 위로 벗어날 수 있음, 허벅지·무릎 줄 접촉 증가 → 앞으로 숙이기 기준(엉덩이 비중) 확인 | G21: 2 | H21: 1 | I21: =COUNTIF('참가자 명단'!$H$6:$H$55,$A21)+COUNTIF('참가자 명단'!$I$6:$I$55,$A21) -> 0 | J21: =MAX(0,H21-I21) -> 1
A22: M9 | B22: 기본 | C22: 남 | D22: ='분류 기준'!$D$6&"cm 이상" -> 178cm 이상 | E22: ="BMI "&'분류 기준'!$C$10&" 이상" -> BMI 23 이상 | F22: 앉은키가 커서 어깨가 매트 위로 벗어날 수 있음, 허벅지·무릎 줄 접촉 증가 → 앞으로 숙이기 기준(엉덩이 비중) 확인; 압력이 커서 포화(최댓값 고정) 여부, 접촉 면적이 넓을 때의 좌우 비율 확인 | G22: 1 | H22: 1 | I22: =COUNTIF('참가자 명단'!$H$6:$H$55,$A22)+COUNTIF('참가자 명단'!$I$6:$I$55,$A22) -> 1 | J22: =MAX(0,H22-I22) -> 0
A23: E01 | B23: 확장 | C23: 여 | D23: 150cm 미만 | E23: 상관없음 | F23: 키가 매우 작을 때 어깨 줄·무릎 줄이 매트 범위를 벗어나는지, 센서 접촉 한계 | G23: 3 | H23: 1 | I23: =COUNTIF('참가자 명단'!$H$6:$H$55,$A23)+COUNTIF('참가자 명단'!$I$6:$I$55,$A23) -> 0 | J23: =MAX(0,H23-I23) -> 1
A24: E02 | B24: 확장 | C24: 여 | D24: 172cm 이상 | E24: 상관없음 | F24: 어깨가 매트 위로 벗어날 때 거북목·정자세 구분이 유지되는지 | G24: 3 | H24: 1 | I24: =COUNTIF('참가자 명단'!$H$6:$H$55,$A24)+COUNTIF('참가자 명단'!$I$6:$I$55,$A24) -> 0 | J24: =MAX(0,H24-I24) -> 1
A25: E03 | B25: 확장 | C25: 남 | D25: 165cm 미만 | E25: 상관없음 | F25: 작은 남성 — 성별 × 키 교차, 방석 접촉 범위 | G25: 3 | H25: 1 | I25: =COUNTIF('참가자 명단'!$H$6:$H$55,$A25)+COUNTIF('참가자 명단'!$I$6:$I$55,$A25) -> 0 | J25: =MAX(0,H25-I25) -> 1
A26: E04 | B26: 확장 | C26: 남 | D26: 188cm 이상 | E26: 상관없음 | F26: 매우 큰 남성 — 무릎 줄 접촉, 어깨 줄 벗어남 | G26: 3 | H26: 1 | I26: =COUNTIF('참가자 명단'!$H$6:$H$55,$A26)+COUNTIF('참가자 명단'!$I$6:$I$55,$A26) -> 0 | J26: =MAX(0,H26-I26) -> 1
A27: E05 | B27: 확장 | C27: 여 | D27: 상관없음 | E27: BMI 17.5 미만 | F27: 압력이 매우 약할 때 앉지 않음과 분리되는지 | G27: 3 | H27: 1 | I27: =COUNTIF('참가자 명단'!$H$6:$H$55,$A27)+COUNTIF('참가자 명단'!$I$6:$I$55,$A27) -> 0 | J27: =MAX(0,H27-I27) -> 1
A28: E06 | B28: 확장 | C28: 남 | D28: 상관없음 | E28: BMI 17.5 미만 | F28: 압력이 매우 약할 때 앉지 않음과 분리되는지 | G28: 3 | H28: 1 | I28: =COUNTIF('참가자 명단'!$H$6:$H$55,$A28)+COUNTIF('참가자 명단'!$I$6:$I$55,$A28) -> 0 | J28: =MAX(0,H28-I28) -> 1
A29: E07 | B29: 확장 | C29: 여 | D29: 상관없음 | E29: BMI 28 이상 | F29: 압력 포화(최댓값 고정)와 넓은 접촉 | G29: 3 | H29: 1 | I29: =COUNTIF('참가자 명단'!$H$6:$H$55,$A29)+COUNTIF('참가자 명단'!$I$6:$I$55,$A29) -> 0 | J29: =MAX(0,H29-I29) -> 1
A30: E08 | B30: 확장 | C30: 남 | D30: 상관없음 | E30: BMI 28 이상 | F30: 포화 확인 — 현재 최대 체형(남성 180cm·BMI 26)보다 더 큰 쪽 | G30: 3 | H30: 1 | I30: =COUNTIF('참가자 명단'!$H$6:$H$55,$A30)+COUNTIF('참가자 명단'!$I$6:$I$55,$A30) -> 0 | J30: =MAX(0,H30-I30) -> 1
A31: E09 | B31: 확장 | C31: 무관 | D31: 무관 | E31: 평소 깊이 앉는 습관 (등을 등받이에 항상 붙임) | F31: 정자세에서 등받이 접촉이 큰 경우의 기준 상한 확인 | G31: 2 | H31: 1 | I31: =COUNTIF('참가자 명단'!$H$6:$H$55,$A31)+COUNTIF('참가자 명단'!$I$6:$I$55,$A31) -> 0 | J31: =MAX(0,H31-I31) -> 1
A32: E10 | B32: 확장 | C32: 무관 | D32: 무관 | E32: 평소 걸터앉는 습관 (엉덩이를 의자 앞쪽에) | F32: 등받이 접촉이 약한 사람의 정자세·거북목·앞으로 숙이기 구분 | G32: 2 | H32: 1 | I32: =COUNTIF('참가자 명단'!$H$6:$H$55,$A32)+COUNTIF('참가자 명단'!$I$6:$I$55,$A32) -> 0 | J32: =MAX(0,H32-I32) -> 1
A33: E11 | B33: 확장 | C33: 무관 | D33: 무관 | E33: 평소 오른다리 꼬는 습관 | F33: 좌우 비대칭 습관이 정자세 기준(방석 좌우 40~60%)을 깨는지 | G33: 2 | H33: 1 | I33: =COUNTIF('참가자 명단'!$H$6:$H$55,$A33)+COUNTIF('참가자 명단'!$I$6:$I$55,$A33) -> 0 | J33: =MAX(0,H33-I33) -> 1
A34: E12 | B34: 확장 | C34: 무관 | D34: 무관 | E34: 평소 왼다리 꼬는 습관 | F34: 좌우 비대칭 습관이 정자세 기준(방석 좌우 40~60%)을 깨는지 | G34: 2 | H34: 1 | I34: =COUNTIF('참가자 명단'!$H$6:$H$55,$A34)+COUNTIF('참가자 명단'!$I$6:$I$55,$A34) -> 0 | J34: =MAX(0,H34-I34) -> 1
... A39: E17 | B39: 확장 | C39: 무관 | D39: 무관 | E39: 연령대 50대 이상 | F39: 현재 20대만 있는 연령 편중 해소 | G39: 3 | H39: 1 | I39: =COUNTIF('참가자 명단'!$H$6:$H$55,$A39)+COUNTIF('참가자 명단'!$I$6:$I$55,$A39) -> 0 | J39: =MAX(0,H39-I39) -> 1
A41: 합계 (전체) | H41: =SUM(H5:H39) -> 35 | I41: =SUM(I5:I39) -> 1 | J41: =SUM(J5:J39) -> 34
A42: 합계 (우선순위 1) | H42: =SUMIFS(H5:H39,G5:G39,1) -> 6 | I42: =SUMIFS(I5:I39,G5:G39,1) -> 1 | J42: =SUMIFS(J5:J39,G5:G39,1) -> 5
A44: 확보 인원 = '참가자 명단'의 기본 케이스(H열, 키·체중으로 자동 판정) + 추가 조건 케이스(I열, E01~E17 직접 입력)에 이 ID가 나온 횟수입니다. 한 사람이 둘 다 해당하면 양쪽에 집계됩니다.
A45: 우선순위: 1=필수(체격 양 끝과 중앙), 2=권장, 3=여유가 있을 때. 우선순위·목표 인원은 파란 글씨라 직접 바꿔도 됩니다.
A46: E13·E14·E15는 새 사람이 아니라 기존 참가자를 다른 조건에서 다시 측정하는 케이스입니다.
A47: 기본 18케이스의 구간 경계는 '분류 기준' 시트에서 바꿉니다. 팀의 기존 케이스 매트릭스와 경계가 다르면 그쪽에 맞추세요.

Sheet 참가자 명단
A1: 참가자 명단
A2: 노란 칸에 입력하세요. BMI·케이스·합격 현황은 자동 계산됩니다. 4~6행은 이미 수집된 4명(2026-10-18 커밋 27c67e4)입니다.
A5: 참가자 ID | B5: person (파일명 이름, 영문 소문자) | C5: 성별 | D5: 키 (cm) | E5: 체중 (kg) | F5: 연령대 | G5: BMI (자동) | H5: 기본 케이스 (자동) | I5: 추가 조건 케이스 (직접 입력, 예: E10) | J5: 합격 파일 수 (자동) | K5: 합격한 자세 종류 (8종 중, 자동) | L5: 비고
A6: P01 | B6: dahye | C6: 여 | F6: 20대 | G6: =IF(AND(ISNUMBER(D6),ISNUMBER(E6)),ROUND(E6/(D6/100)^2,1),"") | H6: =IF(OR($C6="",$G6=""),"",INDEX('분류 기준'!$B$5:$B$6,MATCH($C6,'분류 기준'!$A$5:$A$6,0))&((IF($D6<INDEX('분류 기준'!$C$5:$C$6,MATCH($C6,'분류 기준'!$A$5:$A$6,0)),1,IF($D6<INDEX('분류 기준'!$D$5:$D$6,MATCH($C6,'분류 기준'!$A$5:$A$6,0)),2,3))-1)*3+IF($G6<'분류 기준'!$C$9,1,IF($G6<'분류 기준'!$C$10,2,3)))) | J6: =IF($B6="","",COUNTIFS('수집 현황'!$B$6:$B$105,$B6,'수집 현황'!$AA$6:$AA$105,"PASS")) -> 7 | K6: =IF($B6="","",COUNTIF('자세 수집 현황'!$C6:$J6,">0")) -> 7 | L6: 키·체중을 입력하면 케이스가 자동으로 정해집니다
A7: P02 | B7: aro | C7: 여 | F7: 20대 | G7: =IF(AND(ISNUMBER(D7),ISNUMBER(E7)),ROUND(E7/(D7/100)^2,1),"") | H7: =IF(OR($C7="",$G7=""),"",INDEX('분류 기준'!$B$5:$B$6,MATCH($C7,'분류 기준'!$A$5:$A$6,0))&((IF($D7<INDEX('분류 기준'!$C$5:$C$6,MATCH($C7,'분류 기준'!$A$5:$A$6,0)),1,IF($D7<INDEX('분류 기준'!$D$5:$D$6,MATCH($C7,'분류 기준'!$A$5:$A$6,0)),2,3))-1)*3+IF($G7<'분류 기준'!$C$9,1,IF($G7<'분류 기준'!$C$10,2,3)))) | J7: =IF($B7="","",COUNTIFS('수집 현황'!$B$6:$B$105,$B7,'수집 현황'!$AA$6:$AA$105,"PASS")) -> 3 | K7: =IF($B7="","",COUNTIF('자세 수집 현황'!$C7:$J7,">0")) -> 3 | L7: 키·체중을 입력하면 케이스가 자동으로 정해집니다
A8: P03 | B8: yewon | C8: 여 | F8: 20대 | G8: =IF(AND(ISNUMBER(D8),ISNUMBER(E8)),ROUND(E8/(D8/100)^2,1),"") | H8: =IF(OR($C8="",$G8=""),"",INDEX('분류 기준'!$B$5:$B$6,MATCH($C8,'분류 기준'!$A$5:$A$6,0))&((IF($D8<INDEX('분류 기준'!$C$5:$C$6,MATCH($C8,'분류 기준'!$A$5:$A$6,0)),1,IF($D8<INDEX('분류 기준'!$D$5:$D$6,MATCH($C8,'분류 기준'!$A$5:$A$6,0)),2,3))-1)*3+IF($G8<'분류 기준'!$C$9,1,IF($G8<'분류 기준'!$C$10,2,3)))) | J8: =IF($B8="","",COUNTIFS('수집 현황'!$B$6:$B$105,$B8,'수집 현황'!$AA$6:$AA$105,"PASS")) -> 8 | K8: =IF($B8="","",COUNTIF('자세 수집 현황'!$C8:$J8,">0")) -> 8 | L8: 키·체중을 입력하면 케이스가 자동으로 정해집니다
A9: P04 | B9: junseo | C9: 남 | D9: 180 | E9: 85 | F9: 20대 | G9: =IF(AND(ISNUMBER(D9),ISNUMBER(E9)),ROUND(E9/(D9/100)^2,1),"") -> 26.2 | H9: =IF(OR($C9="",$G9=""),"",INDEX('분류 기준'!$B$5:$B$6,MATCH($C9,'분류 기준'!$A$5:$A$6,0))&((IF($D9<INDEX('분류 기준'!$C$5:$C$6,MATCH($C9,'분류 기준'!$A$5:$A$6,0)),1,IF($D9<INDEX('분류 기준'!$D$5:$D$6,MATCH($C9,'분류 기준'!$A$5:$A$6,0)),2,3))-1)*3+IF($G9<'분류 기준'!$C$9,1,IF($G9<'분류 기준'!$C$10,2,3)))) -> M9 | J9: =IF($B9="","",COUNTIFS('수집 현황'!$B$6:$B$105,$B9,'수집 현황'!$AA$6:$AA$105,"PASS")) -> 7 | K9: =IF($B9="","",COUNTIF('자세 수집 현황'!$C9:$J9,">0")) -> 7 | L9: 키·체중은 커밋 27c67e4 설명에 적힌 값 (예시 행)
G10: =IF(AND(ISNUMBER(D10),ISNUMBER(E10)),ROUND(E10/(D10/100)^2,1),"") | H10: =IF(OR($C10="",$G10=""),"",INDEX('분류 기준'!$B$5:$B$6,MATCH($C10,'분류 기준'!$A$5:$A$6,0))&((IF($D10<INDEX('분류 기준'!$C$5:$C$6,MATCH($C10,'분류 기준'!$A$5:$A$6,0)),1,IF($D10<INDEX('분류 기준'!$D$5:$D$6,MATCH($C10,'분류 기준'!$A$5:$A$6,0)),2,3))-1)*3+IF($G10<'분류 기준'!$C$9,1,IF($G10<'분류 기준'!$C$10,2,3)))) | J10: =IF($B10="","",COUNTIFS('수집 현황'!$B$6:$B$105,$B10,'수집 현황'!$AA$6:$AA$105,"PASS")) | K10: =IF($B10="","",COUNTIF('자세 수집 현황'!$C10:$J10,">0"))
G11: =IF(AND(ISNUMBER(D11),ISNUMBER(E11)),ROUND(E11/(D11/100)^2,1),"") | H11: =IF(OR($C11="",$G11=""),"",INDEX('분류 기준'!$B$5:$B$6,MATCH($C11,'분류 기준'!$A$5:$A$6,0))&((IF($D11<INDEX('분류 기준'!$C$5:$C$6,MATCH($C11,'분류 기준'!$A$5:$A$6,0)),1,IF($D11<INDEX('분류 기준'!$D$5:$D$6,MATCH($C11,'분류 기준'!$A$5:$A$6,0)),2,3))-1)*3+IF($G11<'분류 기준'!$C$9,1,IF($G11<'분류 기준'!$C$10,2,3)))) | J11: =IF($B11="","",COUNTIFS('수집 현황'!$B$6:$B$105,$B11,'수집 현황'!$AA$6:$AA$105,"PASS")) | K11: =IF($B11="","",COUNTIF('자세 수집 현황'!$C11:$J11,">0"))
G12: =IF(AND(ISNUMBER(D12),ISNUMBER(E12)),ROUND(E12/(D12/100)^2,1),"") | H12: =IF(OR($C12="",$G12=""),"",INDEX('분류 기준'!$B$5:$B$6,MATCH($C12,'분류 기준'!$A$5:$A$6,0))&((IF($D12<INDEX('분류 기준'!$C$5:$C$6,MATCH($C12,'분류 기준'!$A$5:$A$6,0)),1,IF($D12<INDEX('분류 기준'!$D$5:$D$6,MATCH($C12,'분류 기준'!$A$5:$A$6,0)),2,3))-1)*3+IF($G12<'분류 기준'!$C$9,1,IF($G12<'분류 기준'!$C$10,2,3)))) | J12: =IF($B12="","",COUNTIFS('수집 현황'!$B$6:$B$105,$B12,'수집 현황'!$AA$6:$AA$105,"PASS")) | K12: =IF($B12="","",COUNTIF('자세 수집 현황'!$C12:$J12,">0"))
G13: =IF(AND(ISNUMBER(D13),ISNUMBER(E13)),ROUND(E13/(D13/100)^2,1),"") | H13: =IF(OR($C13="",$G13=""),"",INDEX('분류 기준'!$B$5:$B$6,MATCH($C13,'분류 기준'!$A$5:$A$6,0))&((IF($D13<INDEX('분류 기준'!$C$5:$C$6,MATCH($C13,'분류 기준'!$A$5:$A$6,0)),1,IF($D13<INDEX('분류 기준'!$D$5:$D$6,MATCH($C13,'분류 기준'!$A$5:$A$6,0)),2,3))-1)*3+IF($G13<'분류 기준'!$C$9,1,IF($G13<'분류 기준'!$C$10,2,3)))) | J13: =IF($B13="","",COUNTIFS('수집 현황'!$B$6:$B$105,$B13,'수집 현황'!$AA$6:$AA$105,"PASS")) | K13: =IF($B13="","",COUNTIF('자세 수집 현황'!$C13:$J13,">0"))
G14: =IF(AND(ISNUMBER(D14),ISNUMBER(E14)),ROUND(E14/(D14/100)^2,1),"") | H14: =IF(OR($C14="",$G14=""),"",INDEX('분류 기준'!$B$5:$B$6,MATCH($C14,'분류 기준'!$A$5:$A$6,0))&((IF($D14<INDEX('분류 기준'!$C$5:$C$6,MATCH($C14,'분류 기준'!$A$5:$A$6,0)),1,IF($D14<INDEX('분류 기준'!$D$5:$D$6,MATCH($C14,'분류 기준'!$A$5:$A$6,0)),2,3))-1)*3+IF($G14<'분류 기준'!$C$9,1,IF($G14<'분류 기준'!$C$10,2,3)))) | J14: =IF($B14="","",COUNTIFS('수집 현황'!$B$6:$B$105,$B14,'수집 현황'!$AA$6:$AA$105,"PASS")) | K14: =IF($B14="","",COUNTIF('자세 수집 현황'!$C14:$J14,">0"))
G15: =IF(AND(ISNUMBER(D15),ISNUMBER(E15)),ROUND(E15/(D15/100)^2,1),"") | H15: =IF(OR($C15="",$G15=""),"",INDEX('분류 기준'!$B$5:$B$6,MATCH($C15,'분류 기준'!$A$5:$A$6,0))&((IF($D15<INDEX('분류 기준'!$C$5:$C$6,MATCH($C15,'분류 기준'!$A$5:$A$6,0)),1,IF($D15<INDEX('분류 기준'!$D$5:$D$6,MATCH($C15,'분류 기준'!$A$5:$A$6,0)),2,3))-1)*3+IF($G15<'분류 기준'!$C$9,1,IF($G15<'분류 기준'!$C$10,2,3)))) | J15: =IF($B15="","",COUNTIFS('수집 현황'!$B$6:$B$105,$B15,'수집 현황'!$AA$6:$AA$105,"PASS")) | K15: =IF($B15="","",COUNTIF('자세 수집 현황'!$C15:$J15,">0"))
G16: =IF(AND(ISNUMBER(D16),ISNUMBER(E16)),ROUND(E16/(D16/100)^2,1),"") | H16: =IF(OR($C16="",$G16=""),"",INDEX('분류 기준'!$B$5:$B$6,MATCH($C16,'분류 기준'!$A$5:$A$6,0))&((IF($D16<INDEX('분류 기준'!$C$5:$C$6,MATCH($C16,'분류 기준'!$A$5:$A$6,0)),1,IF($D16<INDEX('분류 기준'!$D$5:$D$6,MATCH($C16,'분류 기준'!$A$5:$A$6,0)),2,3))-1)*3+IF($G16<'분류 기준'!$C$9,1,IF($G16<'분류 기준'!$C$10,2,3)))) | J16: =IF($B16="","",COUNTIFS('수집 현황'!$B$6:$B$105,$B16,'수집 현황'!$AA$6:$AA$105,"PASS")) | K16: =IF($B16="","",COUNTIF('자세 수집 현황'!$C16:$J16,">0"))
G17: =IF(AND(ISNUMBER(D17),ISNUMBER(E17)),ROUND(E17/(D17/100)^2,1),"") | H17: =IF(OR($C17="",$G17=""),"",INDEX('분류 기준'!$B$5:$B$6,MATCH($C17,'분류 기준'!$A$5:$A$6,0))&((IF($D17<INDEX('분류 기준'!$C$5:$C$6,MATCH($C17,'분류 기준'!$A$5:$A$6,0)),1,IF($D17<INDEX('분류 기준'!$D$5:$D$6,MATCH($C17,'분류 기준'!$A$5:$A$6,0)),2,3))-1)*3+IF($G17<'분류 기준'!$C$9,1,IF($G17<'분류 기준'!$C$10,2,3)))) | J17: =IF($B17="","",COUNTIFS('수집 현황'!$B$6:$B$105,$B17,'수집 현황'!$AA$6:$AA$105,"PASS")) | K17: =IF($B17="","",COUNTIF('자세 수집 현황'!$C17:$J17,">0"))
G18: =IF(AND(ISNUMBER(D18),ISNUMBER(E18)),ROUND(E18/(D18/100)^2,1),"") | H18: =IF(OR($C18="",$G18=""),"",INDEX('분류 기준'!$B$5:$B$6,MATCH($C18,'분류 기준'!$A$5:$A$6,0))&((IF($D18<INDEX('분류 기준'!$C$5:$C$6,MATCH($C18,'분류 기준'!$A$5:$A$6,0)),1,IF($D18<INDEX('분류 기준'!$D$5:$D$6,MATCH($C18,'분류 기준'!$A$5:$A$6,0)),2,3))-1)*3+IF($G18<'분류 기준'!$C$9,1,IF($G18<'분류 기준'!$C$10,2,3)))) | J18: =IF($B18="","",COUNTIFS('수집 현황'!$B$6:$B$105,$B18,'수집 현황'!$AA$6:$AA$105,"PASS")) | K18: =IF($B18="","",COUNTIF('자세 수집 현황'!$C18:$J18,">0"))
G19: =IF(AND(ISNUMBER(D19),ISNUMBER(E19)),ROUND(E19/(D19/100)^2,1),"") | H19: =IF(OR($C19="",$G19=""),"",INDEX('분류 기준'!$B$5:$B$6,MATCH($C19,'분류 기준'!$A$5:$A$6,0))&((IF($D19<INDEX('분류 기준'!$C$5:$C$6,MATCH($C19,'분류 기준'!$A$5:$A$6,0)),1,IF($D19<INDEX('분류 기준'!$D$5:$D$6,MATCH($C19,'분류 기준'!$A$5:$A$6,0)),2,3))-1)*3+IF($G19<'분류 기준'!$C$9,1,IF($G19<'분류 기준'!$C$10,2,3)))) | J19: =IF($B19="","",COUNTIFS('수집 현황'!$B$6:$B$105,$B19,'수집 현황'!$AA$6:$AA$105,"PASS")) | K19: =IF($B19="","",COUNTIF('자세 수집 현황'!$C19:$J19,">0"))
G20: =IF(AND(ISNUMBER(D20),ISNUMBER(E20)),ROUND(E20/(D20/100)^2,1),"") | H20: =IF(OR($C20="",$G20=""),"",INDEX('분류 기준'!$B$5:$B$6,MATCH($C20,'분류 기준'!$A$5:$A$6,0))&((IF($D20<INDEX('분류 기준'!$C$5:$C$6,MATCH($C20,'분류 기준'!$A$5:$A$6,0)),1,IF($D20<INDEX('분류 기준'!$D$5:$D$6,MATCH($C20,'분류 기준'!$A$5:$A$6,0)),2,3))-1)*3+IF($G20<'분류 기준'!$C$9,1,IF($G20<'분류 기준'!$C$10,2,3)))) | J20: =IF($B20="","",COUNTIFS('수집 현황'!$B$6:$B$105,$B20,'수집 현황'!$AA$6:$AA$105,"PASS")) | K20: =IF($B20="","",COUNTIF('자세 수집 현황'!$C20:$J20,">0"))
G21: =IF(AND(ISNUMBER(D21),ISNUMBER(E21)),ROUND(E21/(D21/100)^2,1),"") | H21: =IF(OR($C21="",$G21=""),"",INDEX('분류 기준'!$B$5:$B$6,MATCH($C21,'분류 기준'!$A$5:$A$6,0))&((IF($D21<INDEX('분류 기준'!$C$5:$C$6,MATCH($C21,'분류 기준'!$A$5:$A$6,0)),1,IF($D21<INDEX('분류 기준'!$D$5:$D$6,MATCH($C21,'분류 기준'!$A$5:$A$6,0)),2,3))-1)*3+IF($G21<'분류 기준'!$C$9,1,IF($G21<'분류 기준'!$C$10,2,3)))) | J21: =IF($B21="","",COUNTIFS('수집 현황'!$B$6:$B$105,$B21,'수집 현황'!$AA$6:$AA$105,"PASS")) | K21: =IF($B21="","",COUNTIF('자세 수집 현황'!$C21:$J21,">0"))
... G55: =IF(AND(ISNUMBER(D55),ISNUMBER(E55)),ROUND(E55/(D55/100)^2,1),"") | H55: =IF(OR($C55="",$G55=""),"",INDEX('분류 기준'!$B$5:$B$6,MATCH($C55,'분류 기준'!$A$5:$A$6,0))&((IF($D55<INDEX('분류 기준'!$C$5:$C$6,MATCH($C55,'분류 기준'!$A$5:$A$6,0)),1,IF($D55<INDEX('분류 기준'!$D$5:$D$6,MATCH($C55,'분류 기준'!$A$5:$A$6,0)),2,3))-1)*3+IF($G55<'분류 기준'!$C$9,1,IF($G55<'분류 기준'!$C$10,2,3)))) | J55: =IF($B55="","",COUNTIFS('수집 현황'!$B$6:$B$105,$B55,'수집 현황'!$AA$6:$AA$105,"PASS")) | K55: =IF($B55="","",COUNTIF('자세 수집 현황'!$C55:$J55,">0"))
A57: 범례: 노란 칸 = 직접 입력(파란 글씨), 흰 칸 = 자동 계산. 4행(P04 junseo)은 입력 형식을 보여 주는 예시이기도 합니다. 개인 키·체중은 팀 내부에서만 공유하세요.

Sheet 분류 기준
A1: 참가자 분류 기준
A2: 섭외 케이스 ID(F1~F9 / M1~M9)를 자동으로 정하는 기준값입니다. 파란 글씨 숫자를 바꾸면 모든 시트가 따라 바뀝니다.
A4: 성별 | B4: 접두 | C4: 키 '작음' 기준 (cm 미만) | D4: 키 '큼' 기준 (cm 이상)
A5: 여 | B5: F | C5: 158 | D5: 165
A6: 남 | B6: M | C6: 170 | D6: 178
A8: 체형 구분 | C8: BMI 기준
A9: 마름 (BMI 미만) | C9: 18.5
A10: 통통 (BMI 이상) | C10: 23
A12: 케이스 ID = 접두 + ((키 구간 − 1) × 3 + 체형 구간). 키 구간: 1=작음, 2=보통, 3=큼. 체형 구간: 1=마름, 2=보통, 3=통통. 예) 남성 180cm·BMI 26 → M9.
A13: BMI는 체중(kg) ÷ 키(m)²로 계산하며 몸집을 나누기 위한 숫자일 뿐, 건강 상태를 판단하는 값이 아닙니다.
A14: 키 기준(여 158/165, 남 170/178)은 이 시트에서 정한 초안입니다. 팀의 기존 '실측 참가자 섭외 케이스 매트릭스'(F1~F9/M1~M9)와 구간 경계가 다르면 여기 숫자만 맞추세요.

Sheet 합격 기준
A1: 자세별 합격 기준 (방석 + 등받이)
A2: 참가자에게 읽어 줄 자세 요령, 자세별로 기대하는 압력 패턴, 수치 기준, 불합격일 때의 조치입니다. 수치 기준은 '합격 기준 수치표'와 연동됩니다.
A3: 좌우는 2026-10-18 뒤집은 매트 기준입니다. 방석은 번호가 작을수록 사용자의 왼쪽, 등받이는 번호가 작을수록 오른쪽. 방석 좌우는 팀 확인에 따랐고 탭 테스트로 한 번 더 확인하세요.
A5: 코드 | B5: 자세 | C5: 자세 요령 (참가자에게 읽어 줄 문구) | D5: 방석에서 기대하는 것 (엉덩이·허벅지·무릎) | E5: 등받이에서 기대하는 것 (허리·중간·어깨 줄) | F5: 수치 기준 (수치표 연동) | G5: 흔한 실패와 조치
A6: p0 | B6: not_sitting (앉지 않음) | C6: 의자에서 완전히 일어나 서 있으세요. 손이나 가방도 방석·등받이에 닿지 않게 해 주세요. | D6: 모든 채널이 0 근처. 관찰: 2개 파일 모두 총압력 0. | E6: 모든 채널이 0 근처. 관찰: 2개 파일 모두 총압력 0. | F6: =IF('합격 기준 수치표'!D6="","","• 방석 총압력 ≥ "&'합격 기준 수치표'!D6&" 원시값 합"&CHAR(10))&IF('합격 기준 수치표'!E6="","","• 방석 총압력 ≤ "&'합격 기준 수치표'!E6&" 원시값 합"&CHAR(10))&IF('합격 기준 수치표'!F6="","","• 등받이 총압력 ≥ "&'합격 기준 수치표'!F6&" 원시값 합"&CHAR(10))&IF('합격 기준 수치표'!G6="","","• 등받이 총압력 ≤ "&'합격 기준 수치표'!G6&" 원시값 합"&CHAR(10))&IF('합격 기준 수치표'!H6="","","• 엉덩이 줄 비중 ≥ "&'합격 기준 수치표'!H6&" %"&CHAR(10))&IF('합격 기준 수치표'!I6="","","• 엉덩이 줄 비중 ≤ "&'합격 기준 수치표'!I6&" %"&CHAR(10))&IF('합격 기준 수치표'!J6="","","• 방석 오른쪽 비율 ≥ "&'합격 기준 수치표'!J6&" %"&CHAR(10))&IF('합격 기준 수치표'!K6="","","• 방석 오른쪽 비율 ≤ "&'합격 기준 수치표'!K6&" %"&CHAR(10))&IF('합격 기준 수치표'!L6="","","• 등받이 오른쪽 비율 ≥ "&'합격 기준 수치표'!L6&" %"&CHAR(10))&IF('합격 기준 수치표'!M6="","","• 등받이 오른쪽 비율 ≤ "&'합격 기준 수치표'!M6&" %"&CHAR(10))&IF('합격 기준 수치표'!N6="","","• 등받이 어깨 줄 비중 ≥ "&'합격 기준 수치표'!N6&" %"&CHAR(10))&IF('합격 기준 수치표'!O6="","","• 등받이 어깨 줄 비중 ≤ "&'합격 기준 수치표'!O6&" %"&CHAR(10))&IF('합격 기준 수치표'!P6="","","• 등받이 반응 채널 수 ≥ "&'합격 기준 수치표'!P6&" 개"&CHAR(10))&IF('합격 기준 수치표'!Q6="","","• 등받이 반응 채널 수 ≤ "&'합격 기준 수치표'!Q6&" 개"&CHAR(10)) -> • 방석 총압력 ≤ 300 원시값 합 • 등받이 총압력 ≤ 100 원시값 합 | G6: 방석·등받이에 값이 남아 있으면(영점이 틀어졌거나 물건이 올라가 있음) 센서를 비운 상태에서 baseline을 다시 잡고 재측정. 수집 직전에 일어났다가 앉는 동작 때문에 앞부분에 값이 남을 수 있으니 카운트다운 후에 시작.
A7: p1 | B7: sitting_straight (정자세) | C7: 엉덩이를 의자 안쪽까지 넣고, 등을 등받이에 편하게 붙이세요. 시선은 정면, 양발은 바닥에 두세요. | D7: 좌우 균형(오른쪽 비율 40~60%, 관찰 45.2~55.5%). 엉덩이 줄 비중은 사람마다 달라 기준 없음(관찰 32.7~51.3%). | E7: 허리·중간 줄에 접촉(관찰 총압력 1,471~4,050). 어깨 줄은 사람에 따라 0~23%로 크게 달라 기준 없음. 등받이 좌우 비율도 사람마다 달라(44.7~100%) 기준 없음. | F7: =IF('합격 기준 수치표'!D7="","","• 방석 총압력 ≥ "&'합격 기준 수치표'!D7&" 원시값 합"&CHAR(10))&IF('합격 기준 수치표'!E7="","","• 방석 총압력 ≤ "&'합격 기준 수치표'!E7&" 원시값 합"&CHAR(10))&IF('합격 기준 수치표'!F7="","","• 등받이 총압력 ≥ "&'합격 기준 수치표'!F7&" 원시값 합"&CHAR(10))&IF('합격 기준 수치표'!G7="","","• 등받이 총압력 ≤ "&'합격 기준 수치표'!G7&" 원시값 합"&CHAR(10))&IF('합격 기준 수치표'!H7="","","• 엉덩이 줄 비중 ≥ "&'합격 기준 수치표'!H7&" %"&CHAR(10))&IF('합격 기준 수치표'!I7="","","• 엉덩이 줄 비중 ≤ "&'합격 기준 수치표'!I7&" %"&CHAR(10))&IF('합격 기준 수치표'!J7="","","• 방석 오른쪽 비율 ≥ "&'합격 기준 수치표'!J7&" %"&CHAR(10))&IF('합격 기준 수치표'!K7="","","• 방석 오른쪽 비율 ≤ "&'합격 기준 수치표'!K7&" %"&CHAR(10))&IF('합격 기준 수치표'!L7="","","• 등받이 오른쪽 비율 ≥ "&'합격 기준 수치표'!L7&" %"&CHAR(10))&IF('합격 기준 수치표'!M7="","","• 등받이 오른쪽 비율 ≤ "&'합격 기준 수치표'!M7&" %"&CHAR(10))&IF('합격 기준 수치표'!N7="","","• 등받이 어깨 줄 비중 ≥ "&'합격 기준 수치표'!N7&" %"&CHAR(10))&IF('합격 기준 수치표'!O7="","","• 등받이 어깨 줄 비중 ≤ "&'합격 기준 수치표'!O7&" %"&CHAR(10))&IF('합격 기준 수치표'!P7="","","• 등받이 반응 채널 수 ≥ "&'합격 기준 수치표'!P7&" 개"&CHAR(10))&IF('합격 기준 수치표'!Q7="","","• 등받이 반응 채널 수 ≤ "&'합격 기준 수치표'!Q7&" 개"&CHAR(10)) -> • 방석 총압력 ≥ 6000 원시값 합 • 등받이 총압력 ≥ 1000 원시값 합 • 방석 오른쪽 비율 ≥ 40 % • 방석 오른쪽 비율 ≤ 60 % • 등받이 반응 채널 수 ≥ 4 개 | G7: 한쪽으로 기울어짐(방석 오른쪽 비율 범위 밖) → 자세를 풀었다가 다시 앉아 재촬영. 등받이 총압력이 낮음 → 등이 등받이에 닿지 않은 것이니 등을 더 붙이게 하고, 그래도 같으면 매트 위치 확인.
A8: p2 | B8: lean_forward (앞으로 숙이기) | C8: 상체를 앞으로 숙여서 등이 등받이에서 완전히 떨어지게 하세요. 엉덩이는 의자에 그대로 두세요. | D8: 엉덩이 줄 비중이 줄고 허벅지·무릎 비중이 늘어남(관찰 엉덩이 18.2~29.5%, 정자세는 32.7~51.3%). 좌우는 균형(관찰 47.2~52.6%). | E8: 모든 채널 0. 관찰: 3개 파일 모두 총압력 0. | F8: =IF('합격 기준 수치표'!D8="","","• 방석 총압력 ≥ "&'합격 기준 수치표'!D8&" 원시값 합"&CHAR(10))&IF('합격 기준 수치표'!E8="","","• 방석 총압력 ≤ "&'합격 기준 수치표'!E8&" 원시값 합"&CHAR(10))&IF('합격 기준 수치표'!F8="","","• 등받이 총압력 ≥ "&'합격 기준 수치표'!F8&" 원시값 합"&CHAR(10))&IF('합격 기준 수치표'!G8="","","• 등받이 총압력 ≤ "&'합격 기준 수치표'!G8&" 원시값 합"&CHAR(10))&IF('합격 기준 수치표'!H8="","","• 엉덩이 줄 비중 ≥ "&'합격 기준 수치표'!H8&" %"&CHAR(10))&IF('합격 기준 수치표'!I8="","","• 엉덩이 줄 비중 ≤ "&'합격 기준 수치표'!I8&" %"&CHAR(10))&IF('합격 기준 수치표'!J8="","","• 방석 오른쪽 비율 ≥ "&'합격 기준 수치표'!J8&" %"&CHAR(10))&IF('합격 기준 수치표'!K8="","","• 방석 오른쪽 비율 ≤ "&'합격 기준 수치표'!K8&" %"&CHAR(10))&IF('합격 기준 수치표'!L8="","","• 등받이 오른쪽 비율 ≥ "&'합격 기준 수치표'!L8&" %"&CHAR(10))&IF('합격 기준 수치표'!M8="","","• 등받이 오른쪽 비율 ≤ "&'합격 기준 수치표'!M8&" %"&CHAR(10))&IF('합격 기준 수치표'!N8="","","• 등받이 어깨 줄 비중 ≥ "&'합격 기준 수치표'!N8&" %"&CHAR(10))&IF('합격 기준 수치표'!O8="","","• 등받이 어깨 줄 비중 ≤ "&'합격 기준 수치표'!O8&" %"&CHAR(10))&IF('합격 기준 수치표'!P8="","","• 등받이 반응 채널 수 ≥ "&'합격 기준 수치표'!P8&" 개"&CHAR(10))&IF('합격 기준 수치표'!Q8="","","• 등받이 반응 채널 수 ≤ "&'합격 기준 수치표'!Q8&" 개"&CHAR(10)) -> • 방석 총압력 ≥ 6000 원시값 합 • 등받이 총압력 ≤ 100 원시값 합 • 엉덩이 줄 비중 ≤ 32 % • 방석 오른쪽 비율 ≥ 40 % • 방석 오른쪽 비율 ≤ 60 % | G8: 등받이 총압력이 100을 넘음 → 등이 닿은 것이니 더 숙이게 하고 재촬영. 엉덩이 비중이 32%를 넘음 → 덜 숙인 것(정자세와 겹침)이니 재촬영. 이 자세는 등받이 0이 핵심이라 '정의 기반' 기준입니다.
A9: p3 | B9: cross_leg_right (오른다리 꼬기) | C9: 오른다리를 왼다리 위로 꼬고, 상체는 평소처럼 등받이에 기대세요. | D9: 오른쪽 비율이 낮아짐(관찰 36.2~43.5%, 4명 모두 46% 이하). 꼰 다리 쪽 엉덩이 하중이 줄어드는 것으로 보임. 뒤집은 방석 기준이므로 반대로 나오면 방석 좌우를 다시 확인. | E9: 등받이 접촉 유지(관찰 총압력 1,855~4,179). 등받이 좌우 비율은 사람마다 달라(23.6~58.8%) 기준 없음. | F9: =IF('합격 기준 수치표'!D9="","","• 방석 총압력 ≥ "&'합격 기준 수치표'!D9&" 원시값 합"&CHAR(10))&IF('합격 기준 수치표'!E9="","","• 방석 총압력 ≤ "&'합격 기준 수치표'!E9&" 원시값 합"&CHAR(10))&IF('합격 기준 수치표'!F9="","","• 등받이 총압력 ≥ "&'합격 기준 수치표'!F9&" 원시값 합"&CHAR(10))&IF('합격 기준 수치표'!G9="","","• 등받이 총압력 ≤ "&'합격 기준 수치표'!G9&" 원시값 합"&CHAR(10))&IF('합격 기준 수치표'!H9="","","• 엉덩이 줄 비중 ≥ "&'합격 기준 수치표'!H9&" %"&CHAR(10))&IF('합격 기준 수치표'!I9="","","• 엉덩이 줄 비중 ≤ "&'합격 기준 수치표'!I9&" %"&CHAR(10))&IF('합격 기준 수치표'!J9="","","• 방석 오른쪽 비율 ≥ "&'합격 기준 수치표'!J9&" %"&CHAR(10))&IF('합격 기준 수치표'!K9="","","• 방석 오른쪽 비율 ≤ "&'합격 기준 수치표'!K9&" %"&CHAR(10))&IF('합격 기준 수치표'!L9="","","• 등받이 오른쪽 비율 ≥ "&'합격 기준 수치표'!L9&" %"&CHAR(10))&IF('합격 기준 수치표'!M9="","","• 등받이 오른쪽 비율 ≤ "&'합격 기준 수치표'!M9&" %"&CHAR(10))&IF('합격 기준 수치표'!N9="","","• 등받이 어깨 줄 비중 ≥ "&'합격 기준 수치표'!N9&" %"&CHAR(10))&IF('합격 기준 수치표'!O9="","","• 등받이 어깨 줄 비중 ≤ "&'합격 기준 수치표'!O9&" %"&CHAR(10))&IF('합격 기준 수치표'!P9="","","• 등받이 반응 채널 수 ≥ "&'합격 기준 수치표'!P9&" 개"&CHAR(10))&IF('합격 기준 수치표'!Q9="","","• 등받이 반응 채널 수 ≤ "&'합격 기준 수치표'!Q9&" 개"&CHAR(10)) -> • 방석 총압력 ≥ 6000 원시값 합 • 등받이 총압력 ≥ 500 원시값 합 • 방석 오른쪽 비율 ≤ 46 % • 등받이 반응 채널 수 ≥ 4 개 | G9: 오른쪽 비율이 46%를 넘음 → 꼬기가 약한 것이니 다리를 확실히 꼬게 하고 재촬영. 오른다리·왼다리가 뒤바뀐 파일이 아닌지 확인(왼다리 꼬기 파일이 이 쪽에 들어갔는지).
A10: p4 | B10: cross_leg_left (왼다리 꼬기) | C10: 왼다리를 오른다리 위로 꼬고, 상체는 평소처럼 등받이에 기대세요. | D10: 오른쪽 비율이 높아짐(관찰 62.9~66.7%, 4명 모두 60% 이상). 오른다리 꼬기의 거울상. | E10: 등받이 접촉 유지(관찰 총압력 1,680~2,820). 등받이 좌우 비율은 사람마다 달라(0~78.2%) 기준 없음. | F10: =IF('합격 기준 수치표'!D10="","","• 방석 총압력 ≥ "&'합격 기준 수치표'!D10&" 원시값 합"&CHAR(10))&IF('합격 기준 수치표'!E10="","","• 방석 총압력 ≤ "&'합격 기준 수치표'!E10&" 원시값 합"&CHAR(10))&IF('합격 기준 수치표'!F10="","","• 등받이 총압력 ≥ "&'합격 기준 수치표'!F10&" 원시값 합"&CHAR(10))&IF('합격 기준 수치표'!G10="","","• 등받이 총압력 ≤ "&'합격 기준 수치표'!G10&" 원시값 합"&CHAR(10))&IF('합격 기준 수치표'!H10="","","• 엉덩이 줄 비중 ≥ "&'합격 기준 수치표'!H10&" %"&CHAR(10))&IF('합격 기준 수치표'!I10="","","• 엉덩이 줄 비중 ≤ "&'합격 기준 수치표'!I10&" %"&CHAR(10))&IF('합격 기준 수치표'!J10="","","• 방석 오른쪽 비율 ≥ "&'합격 기준 수치표'!J10&" %"&CHAR(10))&IF('합격 기준 수치표'!K10="","","• 방석 오른쪽 비율 ≤ "&'합격 기준 수치표'!K10&" %"&CHAR(10))&IF('합격 기준 수치표'!L10="","","• 등받이 오른쪽 비율 ≥ "&'합격 기준 수치표'!L10&" %"&CHAR(10))&IF('합격 기준 수치표'!M10="","","• 등받이 오른쪽 비율 ≤ "&'합격 기준 수치표'!M10&" %"&CHAR(10))&IF('합격 기준 수치표'!N10="","","• 등받이 어깨 줄 비중 ≥ "&'합격 기준 수치표'!N10&" %"&CHAR(10))&IF('합격 기준 수치표'!O10="","","• 등받이 어깨 줄 비중 ≤ "&'합격 기준 수치표'!O10&" %"&CHAR(10))&IF('합격 기준 수치표'!P10="","","• 등받이 반응 채널 수 ≥ "&'합격 기준 수치표'!P10&" 개"&CHAR(10))&IF('합격 기준 수치표'!Q10="","","• 등받이 반응 채널 수 ≤ "&'합격 기준 수치표'!Q10&" 개"&CHAR(10)) -> • 방석 총압력 ≥ 6000 원시값 합 • 등받이 총압력 ≥ 500 원시값 합 • 방석 오른쪽 비율 ≥ 60 % • 등받이 반응 채널 수 ≥ 4 개 | G10: 오른쪽 비율이 60% 미만 → 꼬기가 약하거나 왼·오른 파일이 뒤바뀐 것. 확인 후 재촬영.
A11: p5 | B11: lean_right (오른쪽 기대기) | C11: 상체를 오른쪽 팔걸이 쪽으로 기대세요. 몸 전체가 오른쪽으로 쏠리게 해 주세요. | D11: 오른쪽 비율 증가(관찰 56.2~69.3%, 하한 52%). 사람에 따라 약할 수 있음(yewon 56.2%). | E11: 등받이 오른쪽에 쏠림. 오른쪽 비율 80% 이상(관찰 90.1~100%). 이 지표가 방석보다 훨씬 뚜렷해서 핵심 기준. | F11: =IF('합격 기준 수치표'!D11="","","• 방석 총압력 ≥ "&'합격 기준 수치표'!D11&" 원시값 합"&CHAR(10))&IF('합격 기준 수치표'!E11="","","• 방석 총압력 ≤ "&'합격 기준 수치표'!E11&" 원시값 합"&CHAR(10))&IF('합격 기준 수치표'!F11="","","• 등받이 총압력 ≥ "&'합격 기준 수치표'!F11&" 원시값 합"&CHAR(10))&IF('합격 기준 수치표'!G11="","","• 등받이 총압력 ≤ "&'합격 기준 수치표'!G11&" 원시값 합"&CHAR(10))&IF('합격 기준 수치표'!H11="","","• 엉덩이 줄 비중 ≥ "&'합격 기준 수치표'!H11&" %"&CHAR(10))&IF('합격 기준 수치표'!I11="","","• 엉덩이 줄 비중 ≤ "&'합격 기준 수치표'!I11&" %"&CHAR(10))&IF('합격 기준 수치표'!J11="","","• 방석 오른쪽 비율 ≥ "&'합격 기준 수치표'!J11&" %"&CHAR(10))&IF('합격 기준 수치표'!K11="","","• 방석 오른쪽 비율 ≤ "&'합격 기준 수치표'!K11&" %"&CHAR(10))&IF('합격 기준 수치표'!L11="","","• 등받이 오른쪽 비율 ≥ "&'합격 기준 수치표'!L11&" %"&CHAR(10))&IF('합격 기준 수치표'!M11="","","• 등받이 오른쪽 비율 ≤ "&'합격 기준 수치표'!M11&" %"&CHAR(10))&IF('합격 기준 수치표'!N11="","","• 등받이 어깨 줄 비중 ≥ "&'합격 기준 수치표'!N11&" %"&CHAR(10))&IF('합격 기준 수치표'!O11="","","• 등받이 어깨 줄 비중 ≤ "&'합격 기준 수치표'!O11&" %"&CHAR(10))&IF('합격 기준 수치표'!P11="","","• 등받이 반응 채널 수 ≥ "&'합격 기준 수치표'!P11&" 개"&CHAR(10))&IF('합격 기준 수치표'!Q11="","","• 등받이 반응 채널 수 ≤ "&'합격 기준 수치표'!Q11&" 개"&CHAR(10)) -> • 방석 총압력 ≥ 6000 원시값 합 • 등받이 총압력 ≥ 1000 원시값 합 • 방석 오른쪽 비율 ≥ 52 % • 등받이 오른쪽 비율 ≥ 80 % • 등받이 반응 채널 수 ≥ 4 개 | G11: 등받이 오른쪽 비율이 80% 미만 → 덜 기댄 것이니 재촬영. 왼쪽으로 나오면 왼쪽 기대기와 바뀐 파일이거나 등받이 좌우(뒤집은 방향) 설정 문제.
A12: p6 | B12: lean_left (왼쪽 기대기) | C12: 상체를 왼쪽 팔걸이 쪽으로 기대세요. 몸 전체가 왼쪽으로 쏠리게 해 주세요. | D12: 방석에는 뚜렷한 쏠림이 없음(관찰 오른쪽 비율 44.4~55.0%) → 방석 좌우 기준을 두지 않음. 오른쪽 기대기와 달리 방석만으로는 구분이 어렵다는 뜻. | E12: 등받이 왼쪽에 쏠림. 오른쪽 비율 20% 이하(관찰 0~10.8%). 핵심 기준. | F12: =IF('합격 기준 수치표'!D12="","","• 방석 총압력 ≥ "&'합격 기준 수치표'!D12&" 원시값 합"&CHAR(10))&IF('합격 기준 수치표'!E12="","","• 방석 총압력 ≤ "&'합격 기준 수치표'!E12&" 원시값 합"&CHAR(10))&IF('합격 기준 수치표'!F12="","","• 등받이 총압력 ≥ "&'합격 기준 수치표'!F12&" 원시값 합"&CHAR(10))&IF('합격 기준 수치표'!G12="","","• 등받이 총압력 ≤ "&'합격 기준 수치표'!G12&" 원시값 합"&CHAR(10))&IF('합격 기준 수치표'!H12="","","• 엉덩이 줄 비중 ≥ "&'합격 기준 수치표'!H12&" %"&CHAR(10))&IF('합격 기준 수치표'!I12="","","• 엉덩이 줄 비중 ≤ "&'합격 기준 수치표'!I12&" %"&CHAR(10))&IF('합격 기준 수치표'!J12="","","• 방석 오른쪽 비율 ≥ "&'합격 기준 수치표'!J12&" %"&CHAR(10))&IF('합격 기준 수치표'!K12="","","• 방석 오른쪽 비율 ≤ "&'합격 기준 수치표'!K12&" %"&CHAR(10))&IF('합격 기준 수치표'!L12="","","• 등받이 오른쪽 비율 ≥ "&'합격 기준 수치표'!L12&" %"&CHAR(10))&IF('합격 기준 수치표'!M12="","","• 등받이 오른쪽 비율 ≤ "&'합격 기준 수치표'!M12&" %"&CHAR(10))&IF('합격 기준 수치표'!N12="","","• 등받이 어깨 줄 비중 ≥ "&'합격 기준 수치표'!N12&" %"&CHAR(10))&IF('합격 기준 수치표'!O12="","","• 등받이 어깨 줄 비중 ≤ "&'합격 기준 수치표'!O12&" %"&CHAR(10))&IF('합격 기준 수치표'!P12="","","• 등받이 반응 채널 수 ≥ "&'합격 기준 수치표'!P12&" 개"&CHAR(10))&IF('합격 기준 수치표'!Q12="","","• 등받이 반응 채널 수 ≤ "&'합격 기준 수치표'!Q12&" 개"&CHAR(10)) -> • 방석 총압력 ≥ 6000 원시값 합 • 등받이 총압력 ≥ 1000 원시값 합 • 등받이 오른쪽 비율 ≤ 20 % • 등받이 반응 채널 수 ≥ 4 개 | G12: 등받이 오른쪽 비율이 20%를 넘음 → 덜 기댄 것이니 재촬영. 방석이 균형이어도 불합격 사유가 아님.
A13: p7 | B13: turtle_neck (거북목) | C13: 등은 등받이에 댄 채, 어깨 부분은 등받이에서 띄우세요. 그 상태에서 머리와 목을 앞으로 내미세요. | D13: 정자세와 비슷(오른쪽 비율 40~60%, 관찰 50.3~55.7%). 엉덩이 비중은 정자세와 겹쳐 기준 없음. | E13: 등(허리·중간 줄)은 닿고 어깨 줄은 거의 0(관찰 어깨 줄 0~0.4%, 기준 3% 이하). 등 접촉은 정자세보다 약해짐(같은 사람 정자세 대비 관찰 0.5~72%). | F13: =IF('합격 기준 수치표'!D13="","","• 방석 총압력 ≥ "&'합격 기준 수치표'!D13&" 원시값 합"&CHAR(10))&IF('합격 기준 수치표'!E13="","","• 방석 총압력 ≤ "&'합격 기준 수치표'!E13&" 원시값 합"&CHAR(10))&IF('합격 기준 수치표'!F13="","","• 등받이 총압력 ≥ "&'합격 기준 수치표'!F13&" 원시값 합"&CHAR(10))&IF('합격 기준 수치표'!G13="","","• 등받이 총압력 ≤ "&'합격 기준 수치표'!G13&" 원시값 합"&CHAR(10))&IF('합격 기준 수치표'!H13="","","• 엉덩이 줄 비중 ≥ "&'합격 기준 수치표'!H13&" %"&CHAR(10))&IF('합격 기준 수치표'!I13="","","• 엉덩이 줄 비중 ≤ "&'합격 기준 수치표'!I13&" %"&CHAR(10))&IF('합격 기준 수치표'!J13="","","• 방석 오른쪽 비율 ≥ "&'합격 기준 수치표'!J13&" %"&CHAR(10))&IF('합격 기준 수치표'!K13="","","• 방석 오른쪽 비율 ≤ "&'합격 기준 수치표'!K13&" %"&CHAR(10))&IF('합격 기준 수치표'!L13="","","• 등받이 오른쪽 비율 ≥ "&'합격 기준 수치표'!L13&" %"&CHAR(10))&IF('합격 기준 수치표'!M13="","","• 등받이 오른쪽 비율 ≤ "&'합격 기준 수치표'!M13&" %"&CHAR(10))&IF('합격 기준 수치표'!N13="","","• 등받이 어깨 줄 비중 ≥ "&'합격 기준 수치표'!N13&" %"&CHAR(10))&IF('합격 기준 수치표'!O13="","","• 등받이 어깨 줄 비중 ≤ "&'합격 기준 수치표'!O13&" %"&CHAR(10))&IF('합격 기준 수치표'!P13="","","• 등받이 반응 채널 수 ≥ "&'합격 기준 수치표'!P13&" 개"&CHAR(10))&IF('합격 기준 수치표'!Q13="","","• 등받이 반응 채널 수 ≤ "&'합격 기준 수치표'!Q13&" 개"&CHAR(10)) -> • 방석 총압력 ≥ 6000 원시값 합 • 등받이 총압력 ≥ 400 원시값 합 • 방석 오른쪽 비율 ≥ 40 % • 방석 오른쪽 비율 ≤ 60 % • 등받이 어깨 줄 비중 ≤ 3 % • 등받이 반응 채널 수 ≥ 3 개 | G13: 등받이 총압력이 400 미만 → 등이 등받이에 닿지 않은 것(앞으로 숙이기와 구분 안 됨). 관찰: aro 236, junseo 7이 여기에 해당 → 재촬영. 어깨 줄이 3%를 넘으면 어깨가 닿은 것이니 어깨를 더 띄우게 하고 재촬영. 정자세도 어깨 줄이 0인 사람이 많아 어깨 줄 하나로는 정자세와 안 갈리니, 같은 사람의 정자세 파일과 함께 비교.
A16: 공통 품질 기준 (모든 자세·모든 파일)
B17: 항목 | C17: 기준 (수치표 연동) | D17: 이유 | E17: 확인 방법
B18: 수집 길이 | C18: ="길이 "&'합격 기준 수치표'!D18&"~"&'합격 기준 수치표'!D19&"초, 프레임 "&'합격 기준 수치표'!D17&" 이상" -> 길이 19~22초, 프레임 1100 이상 | D18: 자세당 20초 수집이 기본. 짧거나 프레임이 적으면 수신이 끊긴 것 | E18: 수집 현황의 '품질' 열
B19: 수신 속도 | C19: ="fps "&'합격 기준 수치표'!D20&"~"&'합격 기준 수치표'!D21 -> fps 55~70 | D19: 두 보드 동시 수집이 정상이면 일정하게 나옴(관찰 62.3) | E19: 수집 현황의 '품질' 열
B20: 자세 중 움직임 | C20: ="방석 흔들림(CV) ≤ "&'합격 기준 수치표'!D22&"%" -> 방석 흔들림(CV) ≤ 10% | D20: 자세를 유지하지 못하면 라벨이 섞임. 관찰 0.2~17.6, aro 2개 파일(lean_right 16.4, turtle_neck 17.6)이 초과 | E20: 수집 현황의 '방석 흔들림' 열
B21: 센서 포화 | C21: ="포화 비율 ≤ "&'합격 기준 수치표'!D23&"%" -> 포화 비율 ≤ 0.5% | D21: 최댓값에 붙으면 압력 차이가 사라짐(체격이 큰 참가자에서 확인) | E21: 수집 현황의 '포화 비율' 열
B22: 빈 의자 판단 | C22: ="방석 총압력 ≤ "&'합격 기준 수치표'!D24&" 이면 앉지 않음으로 간주" -> 방석 총압력 ≤ 300 이면 앉지 않음으로 간주 | D22: 앉지 않음 파일은 움직임 검사에서 제외하기 위한 기준 | E22: 수치표 하단
A24: 참가자 단위 기준 (사람마다)
B25: 항목 | C25: 기준 | D25: 이유
B26: 자세 종류 | C26: 8자세 모두, 자세당 목표 회차 이상 합격 파일 | D26: 한 자세라도 없으면 그 사람의 데이터를 학습·평가에 쓰기 어려움 ('자세 수집 현황' 시트)
B27: 자세 순서 | C27: 참가자마다 순서를 섞어서 수집 | D27: 순서 효과(앞 자세의 피로·자세 습관)가 특정 자세에 몰리지 않게
B28: 자세 사이 | C28: 자세마다 일어났다가 다시 앉고 카운트다운 후 시작 | D28: 앞 자세의 압력 흔적과 앉는 위치 고정을 없애기 위해
B29: 의자 조건 | C29: 의자 높이·등받이 각도·매트 위치를 참가자 간 같게 유지하고 기록 | D29: 참가자 차이와 설치 차이를 섞지 않기 위해 (E15는 일부러 바꾸는 케이스)
B30: 옷·소지품 | C30: 겉옷 두께와 뒷주머니·가방 여부를 기록 | D30: 등받이·방석 압력을 바꾸는 요인 (E13에서 일부러 비교)
B31: 좌우 확인 | C31: 수집 첫날 탭 테스트로 방석·등받이 좌우와 어깨 줄 위치를 확인 | D31: 매트를 뒤집었기 때문에 번호와 좌우의 대응을 데이터와 맞춰야 함
B32: 파일 이름 | C32: person은 영문 소문자, 같은 사람은 항상 같은 이름 | D32: 학습 때 사람 단위로 나누려면 이름이 일관돼야 함
B33: 불합격 파일 | C33: 삭제하지 말고 파일명에 _reject를 붙여 따로 보관 | D33: 변환 스크립트가 _reject 파일을 건너뛰고, 나중에 기준을 바꿔 다시 볼 수 있음
B34: 평가 방식 | C34: 학습은 일부 사람, 평가는 다른 사람으로 분리 (--holdout-persons) | D34: 같은 사람의 프레임이 학습과 평가에 섞이면 점수가 부풀려짐

Sheet 합격 기준 수치표
A1: 자세별 합격 기준 — 수치표
A2: '수집 현황' 시트의 합격/불합격 판정이 이 표를 읽습니다. 파란 숫자를 바꾸면 판정이 바로 바뀝니다. 빈칸 = 그 지표는 이 자세의 기준이 아님.
A3: 초안입니다. 2026-10-18 실측 4명 28파일(자세당 2~4개)에서 정했으므로 참가자가 늘면 '실측 관찰값' 시트를 보며 다시 조정하세요.
D4: 방석 총압력 (원시값 합) | F4: 등받이 총압력 (원시값 합) | H4: 엉덩이 줄 비중 (%) | J4: 방석 오른쪽 비율 (%) | L4: 등받이 오른쪽 비율 (%) | N4: 등받이 어깨 줄 비중 (%) | P4: 등받이 반응 채널 수 (개)
A5: 코드 | B5: 자세 (영문) | C5: 자세 (한글) | D5: 하한 (이상) | E5: 상한 (이하) | F5: 하한 (이상) | G5: 상한 (이하) | H5: 하한 (이상) | I5: 상한 (이하) | J5: 하한 (이상) | K5: 상한 (이하) | L5: 하한 (이상) | M5: 상한 (이하) | N5: 하한 (이상) | O5: 상한 (이하) | P5: 하한 (이상) | Q5: 상한 (이하)
A6: p0 | B6: not_sitting | C6: 앉지 않음 | E6: 300 | G6: 100
A7: p1 | B7: sitting_straight | C7: 정자세 | D7: 6000 | F7: 1000 | J7: 40 | K7: 60 | P7: 4
A8: p2 | B8: lean_forward | C8: 앞으로 숙이기 | D8: 6000 | G8: 100 | I8: 32 | J8: 40 | K8: 60
A9: p3 | B9: cross_leg_right | C9: 오른다리 꼬기 | D9: 6000 | F9: 500 | K9: 46 | P9: 4
A10: p4 | B10: cross_leg_left | C10: 왼다리 꼬기 | D10: 6000 | F10: 500 | J10: 60 | P10: 4
A11: p5 | B11: lean_right | C11: 오른쪽 기대기 | D11: 6000 | F11: 1000 | J11: 52 | L11: 80 | P11: 4
A12: p6 | B12: lean_left | C12: 왼쪽 기대기 | D12: 6000 | F12: 1000 | M12: 20 | P12: 4
A13: p7 | B13: turtle_neck | C13: 거북목 | D13: 6000 | F13: 400 | J13: 40 | K13: 60 | O13: 3 | P13: 3
A15: 공통 품질 기준 (모든 자세에 적용)
A16: 항목 | D16: 값 | E16: 설명
A17: 최소 프레임 수 | D17: 1100 | E17: 20초 × 약 62fps ≈ 1,240프레임. 이보다 적으면 수신이 끊긴 것
A18: 길이 하한 (초) | D18: 19 | E18: 자세당 20초 수집이 기본
A19: 길이 상한 (초) | D19: 22
A20: fps 하한 | D20: 55 | E20: 관찰값 62.3 (모든 파일 동일)
A21: fps 상한 | D21: 70
A22: 방석 흔들림 상한 (CV %) | D22: 10 | E22: 프레임별 방석 총압력의 변동계수. 크면 자세 중 몸을 움직인 것 (관찰 0.2~17.6)
A23: 포화 비율 상한 (%) | D23: 0.5 | E23: 전체 샘플 중 최댓값 근처(1,043 이상)에 붙은 비율. 관찰 최대 0.018
A24: 빈 의자로 볼 방석 총압력 | D24: 300 | E24: 이 값 이하면 앉지 않은 것으로 보고 흔들림 검사를 건너뜀
A26: 기준을 정한 근거: '정의 기반'(자세 정의상 반드시 그래야 함: 앞으로 숙이기의 등받이 0, 거북목의 어깨 줄 0 등)과 '관찰 기반'(실측 분포에서 여유를 두고 정함)이 섞여 있습니다. 항목별 관찰 범위는 '실측 관찰값' 시트에 있습니다.

Sheet 수집 현황
A1: 수집 현황 · 자동 판정
A2: A~P열: qc_64ch.py 결과를 A6부터 붙여 넣으세요(파란 글씨 = 입력값). Q~AA열은 자동 판정입니다. 100행(6~105)까지 수식이 준비돼 있습니다.
A3: 판정: OK=기준 충족, X=기준 미달, N/A=지표를 계산할 수 없음(등받이 접촉이 거의 없어 비율을 못 구함), -=이 자세의 기준 아님. 종합 PASS = 품질 OK이고 X가 하나도 없음.
A5: 파일명 | B5: person | C5: 자세 | D5: 회차 | E5: 프레임 수 | F5: 길이(초) | G5: fps | H5: 방석 총압력 | I5: 등받이 총압력 | J5: 엉덩이 줄 비중(%) | K5: 방석 오른쪽(%) | L5: 등받이 오른쪽(%) | M5: 등받이 어깨 줄(%) | N5: 등받이 반응 채널 수 | O5: 방석 흔들림(CV%) | P5: 포화 비율(%) | Q5: 기준 행 | R5: 품질 | S5: 방석 총압력 | T5: 등받이 총압력 | U5: 엉덩이 줄 비중 | V5: 방석 오른쪽 비율 | W5: 등받이 오른쪽 비율 | X5: 등받이 어깨 줄 비중 | Y5: 등받이 반응 채널 수 | Z5: 실패 수 | AA5: 종합
A6: aro_cross_leg_left_1.csv | B6: aro | C6: cross_leg_left | D6: 1 | E6: 1245 | F6: 20 | G6: 62.3 | H6: 12081 | I6: 1757 | J6: 56.6 | K6: 63.9 | L6: 55 | M6: 0 | N6: 12 | O6: 1.1 | P6: 0 | Q6: =IF($A6="","",IFERROR(MATCH($C6,'합격 기준 수치표'!$B$6:$B$13,0),0)) -> 5 | R6: =IF($A6="","",IF(AND(E6>='합격 기준 수치표'!$D$17,F6>='합격 기준 수치표'!$D$18,F6<='합격 기준 수치표'!$D$19,G6>='합격 기준 수치표'!$D$20,G6<='합격 기준 수치표'!$D$21,P6<='합격 기준 수치표'!$D$23,OR(H6<='합격 기준 수치표'!$D$24,O6="",O6<='합격 기준 수치표'!$D$22)),"OK","X")) -> OK | S6: =IF($A6="","",IF($Q6=0,"?",IF(AND(INDEX('합격 기준 수치표'!$D$6:$D$13,$Q6)="",INDEX('합격 기준 수치표'!$E$6:$E$13,$Q6)=""),"-",IF(H6="","N/A",IF(OR(AND(INDEX('합격 기준 수치표'!$D$6:$D$13,$Q6)<>"",H6<INDEX('합격 기준 수치표'!$D$6:$D$13,$Q6)),AND(INDEX('합격 기준 수치표'!$E$6:$E$13,$Q6)<>"",H6>INDEX('합격 기준 수치표'!$E$6:$E$13,$Q6))),"X","OK"))))) -> OK | T6: =IF($A6="","",IF($Q6=0,"?",IF(AND(INDEX('합격 기준 수치표'!$F$6:$F$13,$Q6)="",INDEX('합격 기준 수치표'!$G$6:$G$13,$Q6)=""),"-",IF(I6="","N/A",IF(OR(AND(INDEX('합격 기준 수치표'!$F$6:$F$13,$Q6)<>"",I6<INDEX('합격 기준 수치표'!$F$6:$F$13,$Q6)),AND(INDEX('합격 기준 수치표'!$G$6:$G$13,$Q6)<>"",I6>INDEX('합격 기준 수치표'!$G$6:$G$13,$Q6))),"X","OK"))))) -> OK | U6: =IF($A6="","",IF($Q6=0,"?",IF(AND(INDEX('합격 기준 수치표'!$H$6:$H$13,$Q6)="",INDEX('합격 기준 수치표'!$I$6:$I$13,$Q6)=""),"-",IF(J6="","N/A",IF(OR(AND(INDEX('합격 기준 수치표'!$H$6:$H$13,$Q6)<>"",J6<INDEX('합격 기준 수치표'!$H$6:$H$13,$Q6)),AND(INDEX('합격 기준 수치표'!$I$6:$I$13,$Q6)<>"",J6>INDEX('합격 기준 수치표'!$I$6:$I$13,$Q6))),"X","OK"))))) -> - | V6: =IF($A6="","",IF($Q6=0,"?",IF(AND(INDEX('합격 기준 수치표'!$J$6:$J$13,$Q6)="",INDEX('합격 기준 수치표'!$K$6:$K$13,$Q6)=""),"-",IF(K6="","N/A",IF(OR(AND(INDEX('합격 기준 수치표'!$J$6:$J$13,$Q6)<>"",K6<INDEX('합격 기준 수치표'!$J$6:$J$13,$Q6)),AND(INDEX('합격 기준 수치표'!$K$6:$K$13,$Q6)<>"",K6>INDEX('합격 기준 수치표'!$K$6:$K$13,$Q6))),"X","OK"))))) -> OK | W6: =IF($A6="","",IF($Q6=0,"?",IF(AND(INDEX('합격 기준 수치표'!$L$6:$L$13,$Q6)="",INDEX('합격 기준 수치표'!$M$6:$M$13,$Q6)=""),"-",IF(L6="","N/A",IF(OR(AND(INDEX('합격 기준 수치표'!$L$6:$L$13,$Q6)<>"",L6<INDEX('합격 기준 수치표'!$L$6:$L$13,$Q6)),AND(INDEX('합격 기준 수치표'!$M$6:$M$13,$Q6)<>"",L6>INDEX('합격 기준 수치표'!$M$6:$M$13,$Q6))),"X","OK"))))) -> - | X6: =IF($A6="","",IF($Q6=0,"?",IF(AND(INDEX('합격 기준 수치표'!$N$6:$N$13,$Q6)="",INDEX('합격 기준 수치표'!$O$6:$O$13,$Q6)=""),"-",IF(M6="","N/A",IF(OR(AND(INDEX('합격 기준 수치표'!$N$6:$N$13,$Q6)<>"",M6<INDEX('합격 기준 수치표'!$N$6:$N$13,$Q6)),AND(INDEX('합격 기준 수치표'!$O$6:$O$13,$Q6)<>"",M6>INDEX('합격 기준 수치표'!$O$6:$O$13,$Q6))),"X","OK"))))) -> - | Y6: =IF($A6="","",IF($Q6=0,"?",IF(AND(INDEX('합격 기준 수치표'!$P$6:$P$13,$Q6)="",INDEX('합격 기준 수치표'!$Q$6:$Q$13,$Q6)=""),"-",IF(N6="","N/A",IF(OR(AND(INDEX('합격 기준 수치표'!$P$6:$P$13,$Q6)<>"",N6<INDEX('합격 기준 수치표'!$P$6:$P$13,$Q6)),AND(INDEX('합격 기준 수치표'!$Q$6:$Q$13,$Q6)<>"",N6>INDEX('합격 기준 수치표'!$Q$6:$Q$13,$Q6))),"X","OK"))))) -> OK | Z6: =IF($A6="","",COUNTIF($S6:$Y6,"X")+IF($R6="X",1,0)) -> 0 | AA6: =IF($A6="","",IF($Q6=0,"자세명 확인",IF($Z6=0,"PASS","FAIL"))) -> PASS
A7: aro_cross_leg_right_1.csv | B7: aro | C7: cross_leg_right | D7: 1 | E7: 1244 | F7: 20 | G7: 62.3 | H7: 10586 | I7: 2782 | J7: 61.4 | K7: 39.2 | L7: 41.8 | M7: 0 | N7: 14 | O7: 5.8 | P7: 0 | Q7: =IF($A7="","",IFERROR(MATCH($C7,'합격 기준 수치표'!$B$6:$B$13,0),0)) -> 4 | R7: =IF($A7="","",IF(AND(E7>='합격 기준 수치표'!$D$17,F7>='합격 기준 수치표'!$D$18,F7<='합격 기준 수치표'!$D$19,G7>='합격 기준 수치표'!$D$20,G7<='합격 기준 수치표'!$D$21,P7<='합격 기준 수치표'!$D$23,OR(H7<='합격 기준 수치표'!$D$24,O7="",O7<='합격 기준 수치표'!$D$22)),"OK","X")) -> OK | S7: =IF($A7="","",IF($Q7=0,"?",IF(AND(INDEX('합격 기준 수치표'!$D$6:$D$13,$Q7)="",INDEX('합격 기준 수치표'!$E$6:$E$13,$Q7)=""),"-",IF(H7="","N/A",IF(OR(AND(INDEX('합격 기준 수치표'!$D$6:$D$13,$Q7)<>"",H7<INDEX('합격 기준 수치표'!$D$6:$D$13,$Q7)),AND(INDEX('합격 기준 수치표'!$E$6:$E$13,$Q7)<>"",H7>INDEX('합격 기준 수치표'!$E$6:$E$13,$Q7))),"X","OK"))))) -> OK | T7: =IF($A7="","",IF($Q7=0,"?",IF(AND(INDEX('합격 기준 수치표'!$F$6:$F$13,$Q7)="",INDEX('합격 기준 수치표'!$G$6:$G$13,$Q7)=""),"-",IF(I7="","N/A",IF(OR(AND(INDEX('합격 기준 수치표'!$F$6:$F$13,$Q7)<>"",I7<INDEX('합격 기준 수치표'!$F$6:$F$13,$Q7)),AND(INDEX('합격 기준 수치표'!$G$6:$G$13,$Q7)<>"",I7>INDEX('합격 기준 수치표'!$G$6:$G$13,$Q7))),"X","OK"))))) -> OK | U7: =IF($A7="","",IF($Q7=0,"?",IF(AND(INDEX('합격 기준 수치표'!$H$6:$H$13,$Q7)="",INDEX('합격 기준 수치표'!$I$6:$I$13,$Q7)=""),"-",IF(J7="","N/A",IF(OR(AND(INDEX('합격 기준 수치표'!$H$6:$H$13,$Q7)<>"",J7<INDEX('합격 기준 수치표'!$H$6:$H$13,$Q7)),AND(INDEX('합격 기준 수치표'!$I$6:$I$13,$Q7)<>"",J7>INDEX('합격 기준 수치표'!$I$6:$I$13,$Q7))),"X","OK"))))) -> - | V7: =IF($A7="","",IF($Q7=0,"?",IF(AND(INDEX('합격 기준 수치표'!$J$6:$J$13,$Q7)="",INDEX('합격 기준 수치표'!$K$6:$K$13,$Q7)=""),"-",IF(K7="","N/A",IF(OR(AND(INDEX('합격 기준 수치표'!$J$6:$J$13,$Q7)<>"",K7<INDEX('합격 기준 수치표'!$J$6:$J$13,$Q7)),AND(INDEX('합격 기준 수치표'!$K$6:$K$13,$Q7)<>"",K7>INDEX('합격 기준 수치표'!$K$6:$K$13,$Q7))),"X","OK"))))) -> OK | W7: =IF($A7="","",IF($Q7=0,"?",IF(AND(INDEX('합격 기준 수치표'!$L$6:$L$13,$Q7)="",INDEX('합격 기준 수치표'!$M$6:$M$13,$Q7)=""),"-",IF(L7="","N/A",IF(OR(AND(INDEX('합격 기준 수치표'!$L$6:$L$13,$Q7)<>"",L7<INDEX('합격 기준 수치표'!$L$6:$L$13,$Q7)),AND(INDEX('합격 기준 수치표'!$M$6:$M$13,$Q7)<>"",L7>INDEX('합격 기준 수치표'!$M$6:$M$13,$Q7))),"X","OK"))))) -> - | X7: =IF($A7="","",IF($Q7=0,"?",IF(AND(INDEX('합격 기준 수치표'!$N$6:$N$13,$Q7)="",INDEX('합격 기준 수치표'!$O$6:$O$13,$Q7)=""),"-",IF(M7="","N/A",IF(OR(AND(INDEX('합격 기준 수치표'!$N$6:$N$13,$Q7)<>"",M7<INDEX('합격 기준 수치표'!$N$6:$N$13,$Q7)),AND(INDEX('합격 기준 수치표'!$O$6:$O$13,$Q7)<>"",M7>INDEX('합격 기준 수치표'!$O$6:$O$13,$Q7))),"X","OK"))))) -> - | Y7: =IF($A7="","",IF($Q7=0,"?",IF(AND(INDEX('합격 기준 수치표'!$P$6:$P$13,$Q7)="",INDEX('합격 기준 수치표'!$Q$6:$Q$13,$Q7)=""),"-",IF(N7="","N/A",IF(OR(AND(INDEX('합격 기준 수치표'!$P$6:$P$13,$Q7)<>"",N7<INDEX('합격 기준 수치표'!$P$6:$P$13,$Q7)),AND(INDEX('합격 기준 수치표'!$Q$6:$Q$13,$Q7)<>"",N7>INDEX('합격 기준 수치표'!$Q$6:$Q$13,$Q7))),"X","OK"))))) -> OK | Z7: =IF($A7="","",COUNTIF($S7:$Y7,"X")+IF($R7="X",1,0)) -> 0 | AA7: =IF($A7="","",IF($Q7=0,"자세명 확인",IF($Z7=0,"PASS","FAIL"))) -> PASS
A8: aro_lean_right_1.csv | B8: aro | C8: lean_right | D8: 1 | E8: 1245 | F8: 20 | G8: 62.3 | H8: 9694 | I8: 1890 | J8: 51.7 | K8: 68.9 | L8: 90.1 | M8: 0.7 | N8: 12 | O8: 16.4 | P8: 0 | Q8: =IF($A8="","",IFERROR(MATCH($C8,'합격 기준 수치표'!$B$6:$B$13,0),0)) -> 6 | R8: =IF($A8="","",IF(AND(E8>='합격 기준 수치표'!$D$17,F8>='합격 기준 수치표'!$D$18,F8<='합격 기준 수치표'!$D$19,G8>='합격 기준 수치표'!$D$20,G8<='합격 기준 수치표'!$D$21,P8<='합격 기준 수치표'!$D$23,OR(H8<='합격 기준 수치표'!$D$24,O8="",O8<='합격 기준 수치표'!$D$22)),"OK","X")) -> X | S8: =IF($A8="","",IF($Q8=0,"?",IF(AND(INDEX('합격 기준 수치표'!$D$6:$D$13,$Q8)="",INDEX('합격 기준 수치표'!$E$6:$E$13,$Q8)=""),"-",IF(H8="","N/A",IF(OR(AND(INDEX('합격 기준 수치표'!$D$6:$D$13,$Q8)<>"",H8<INDEX('합격 기준 수치표'!$D$6:$D$13,$Q8)),AND(INDEX('합격 기준 수치표'!$E$6:$E$13,$Q8)<>"",H8>INDEX('합격 기준 수치표'!$E$6:$E$13,$Q8))),"X","OK"))))) -> OK | T8: =IF($A8="","",IF($Q8=0,"?",IF(AND(INDEX('합격 기준 수치표'!$F$6:$F$13,$Q8)="",INDEX('합격 기준 수치표'!$G$6:$G$13,$Q8)=""),"-",IF(I8="","N/A",IF(OR(AND(INDEX('합격 기준 수치표'!$F$6:$F$13,$Q8)<>"",I8<INDEX('합격 기준 수치표'!$F$6:$F$13,$Q8)),AND(INDEX('합격 기준 수치표'!$G$6:$G$13,$Q8)<>"",I8>INDEX('합격 기준 수치표'!$G$6:$G$13,$Q8))),"X","OK"))))) -> OK | U8: =IF($A8="","",IF($Q8=0,"?",IF(AND(INDEX('합격 기준 수치표'!$H$6:$H$13,$Q8)="",INDEX('합격 기준 수치표'!$I$6:$I$13,$Q8)=""),"-",IF(J8="","N/A",IF(OR(AND(INDEX('합격 기준 수치표'!$H$6:$H$13,$Q8)<>"",J8<INDEX('합격 기준 수치표'!$H$6:$H$13,$Q8)),AND(INDEX('합격 기준 수치표'!$I$6:$I$13,$Q8)<>"",J8>INDEX('합격 기준 수치표'!$I$6:$I$13,$Q8))),"X","OK"))))) -> - | V8: =IF($A8="","",IF($Q8=0,"?",IF(AND(INDEX('합격 기준 수치표'!$J$6:$J$13,$Q8)="",INDEX('합격 기준 수치표'!$K$6:$K$13,$Q8)=""),"-",IF(K8="","N/A",IF(OR(AND(INDEX('합격 기준 수치표'!$J$6:$J$13,$Q8)<>"",K8<INDEX('합격 기준 수치표'!$J$6:$J$13,$Q8)),AND(INDEX('합격 기준 수치표'!$K$6:$K$13,$Q8)<>"",K8>INDEX('합격 기준 수치표'!$K$6:$K$13,$Q8))),"X","OK"))))) -> OK | W8: =IF($A8="","",IF($Q8=0,"?",IF(AND(INDEX('합격 기준 수치표'!$L$6:$L$13,$Q8)="",INDEX('합격 기준 수치표'!$M$6:$M$13,$Q8)=""),"-",IF(L8="","N/A",IF(OR(AND(INDEX('합격 기준 수치표'!$L$6:$L$13,$Q8)<>"",L8<INDEX('합격 기준 수치표'!$L$6:$L$13,$Q8)),AND(INDEX('합격 기준 수치표'!$M$6:$M$13,$Q8)<>"",L8>INDEX('합격 기준 수치표'!$M$6:$M$13,$Q8))),"X","OK"))))) -> OK | X8: =IF($A8="","",IF($Q8=0,"?",IF(AND(INDEX('합격 기준 수치표'!$N$6:$N$13,$Q8)="",INDEX('합격 기준 수치표'!$O$6:$O$13,$Q8)=""),"-",IF(M8="","N/A",IF(OR(AND(INDEX('합격 기준 수치표'!$N$6:$N$13,$Q8)<>"",M8<INDEX('합격 기준 수치표'!$N$6:$N$13,$Q8)),AND(INDEX('합격 기준 수치표'!$O$6:$O$13,$Q8)<>"",M8>INDEX('합격 기준 수치표'!$O$6:$O$13,$Q8))),"X","OK"))))) -> - | Y8: =IF($A8="","",IF($Q8=0,"?",IF(AND(INDEX('합격 기준 수치표'!$P$6:$P$13,$Q8)="",INDEX('합격 기준 수치표'!$Q$6:$Q$13,$Q8)=""),"-",IF(N8="","N/A",IF(OR(AND(INDEX('합격 기준 수치표'!$P$6:$P$13,$Q8)<>"",N8<INDEX('합격 기준 수치표'!$P$6:$P$13,$Q8)),AND(INDEX('합격 기준 수치표'!$Q$6:$Q$13,$Q8)<>"",N8>INDEX('합격 기준 수치표'!$Q$6:$Q$13,$Q8))),"X","OK"))))) -> OK | Z8: =IF($A8="","",COUNTIF($S8:$Y8,"X")+IF($R8="X",1,0)) -> 1 | AA8: =IF($A8="","",IF($Q8=0,"자세명 확인",IF($Z8=0,"PASS","FAIL"))) -> FAIL
A9: aro_sitting_straight_2.csv | B9: aro | C9: sitting_straight | D9: 2 | E9: 1245 | F9: 20 | G9: 62.3 | H9: 12273 | I9: 4050 | J9: 51.3 | K9: 49.2 | L9: 44.7 | M9: 0 | N9: 15 | O9: 0.7 | P9: 0 | Q9: =IF($A9="","",IFERROR(MATCH($C9,'합격 기준 수치표'!$B$6:$B$13,0),0)) -> 2 | R9: =IF($A9="","",IF(AND(E9>='합격 기준 수치표'!$D$17,F9>='합격 기준 수치표'!$D$18,F9<='합격 기준 수치표'!$D$19,G9>='합격 기준 수치표'!$D$20,G9<='합격 기준 수치표'!$D$21,P9<='합격 기준 수치표'!$D$23,OR(H9<='합격 기준 수치표'!$D$24,O9="",O9<='합격 기준 수치표'!$D$22)),"OK","X")) -> OK | S9: =IF($A9="","",IF($Q9=0,"?",IF(AND(INDEX('합격 기준 수치표'!$D$6:$D$13,$Q9)="",INDEX('합격 기준 수치표'!$E$6:$E$13,$Q9)=""),"-",IF(H9="","N/A",IF(OR(AND(INDEX('합격 기준 수치표'!$D$6:$D$13,$Q9)<>"",H9<INDEX('합격 기준 수치표'!$D$6:$D$13,$Q9)),AND(INDEX('합격 기준 수치표'!$E$6:$E$13,$Q9)<>"",H9>INDEX('합격 기준 수치표'!$E$6:$E$13,$Q9))),"X","OK"))))) -> OK | T9: =IF($A9="","",IF($Q9=0,"?",IF(AND(INDEX('합격 기준 수치표'!$F$6:$F$13,$Q9)="",INDEX('합격 기준 수치표'!$G$6:$G$13,$Q9)=""),"-",IF(I9="","N/A",IF(OR(AND(INDEX('합격 기준 수치표'!$F$6:$F$13,$Q9)<>"",I9<INDEX('합격 기준 수치표'!$F$6:$F$13,$Q9)),AND(INDEX('합격 기준 수치표'!$G$6:$G$13,$Q9)<>"",I9>INDEX('합격 기준 수치표'!$G$6:$G$13,$Q9))),"X","OK"))))) -> OK | U9: =IF($A9="","",IF($Q9=0,"?",IF(AND(INDEX('합격 기준 수치표'!$H$6:$H$13,$Q9)="",INDEX('합격 기준 수치표'!$I$6:$I$13,$Q9)=""),"-",IF(J9="","N/A",IF(OR(AND(INDEX('합격 기준 수치표'!$H$6:$H$13,$Q9)<>"",J9<INDEX('합격 기준 수치표'!$H$6:$H$13,$Q9)),AND(INDEX('합격 기준 수치표'!$I$6:$I$13,$Q9)<>"",J9>INDEX('합격 기준 수치표'!$I$6:$I$13,$Q9))),"X","OK"))))) -> - | V9: =IF($A9="","",IF($Q9=0,"?",IF(AND(INDEX('합격 기준 수치표'!$J$6:$J$13,$Q9)="",INDEX('합격 기준 수치표'!$K$6:$K$13,$Q9)=""),"-",IF(K9="","N/A",IF(OR(AND(INDEX('합격 기준 수치표'!$J$6:$J$13,$Q9)<>"",K9<INDEX('합격 기준 수치표'!$J$6:$J$13,$Q9)),AND(INDEX('합격 기준 수치표'!$K$6:$K$13,$Q9)<>"",K9>INDEX('합격 기준 수치표'!$K$6:$K$13,$Q9))),"X","OK"))))) -> OK | W9: =IF($A9="","",IF($Q9=0,"?",IF(AND(INDEX('합격 기준 수치표'!$L$6:$L$13,$Q9)="",INDEX('합격 기준 수치표'!$M$6:$M$13,$Q9)=""),"-",IF(L9="","N/A",IF(OR(AND(INDEX('합격 기준 수치표'!$L$6:$L$13,$Q9)<>"",L9<INDEX('합격 기준 수치표'!$L$6:$L$13,$Q9)),AND(INDEX('합격 기준 수치표'!$M$6:$M$13,$Q9)<>"",L9>INDEX('합격 기준 수치표'!$M$6:$M$13,$Q9))),"X","OK"))))) -> - | X9: =IF($A9="","",IF($Q9=0,"?",IF(AND(INDEX('합격 기준 수치표'!$N$6:$N$13,$Q9)="",INDEX('합격 기준 수치표'!$O$6:$O$13,$Q9)=""),"-",IF(M9="","N/A",IF(OR(AND(INDEX('합격 기준 수치표'!$N$6:$N$13,$Q9)<>"",M9<INDEX('합격 기준 수치표'!$N$6:$N$13,$Q9)),AND(INDEX('합격 기준 수치표'!$O$6:$O$13,$Q9)<>"",M9>INDEX('합격 기준 수치표'!$O$6:$O$13,$Q9))),"X","OK"))))) -> - | Y9: =IF($A9="","",IF($Q9=0,"?",IF(AND(INDEX('합격 기준 수치표'!$P$6:$P$13,$Q9)="",INDEX('합격 기준 수치표'!$Q$6:$Q$13,$Q9)=""),"-",IF(N9="","N/A",IF(OR(AND(INDEX('합격 기준 수치표'!$P$6:$P$13,$Q9)<>"",N9<INDEX('합격 기준 수치표'!$P$6:$P$13,$Q9)),AND(INDEX('합격 기준 수치표'!$Q$6:$Q$13,$Q9)<>"",N9>INDEX('합격 기준 수치표'!$Q$6:$Q$13,$Q9))),"X","OK"))))) -> OK | Z9: =IF($A9="","",COUNTIF($S9:$Y9,"X")+IF($R9="X",1,0)) -> 0 | AA9: =IF($A9="","",IF($Q9=0,"자세명 확인",IF($Z9=0,"PASS","FAIL"))) -> PASS
A10: aro_turtle_neck_1.csv | B10: aro | C10: turtle_neck | D10: 1 | E10: 1245 | F10: 20 | G10: 62.3 | H10: 11724 | I10: 236 | J10: 51.6 | K10: 52.4 | L10: 59.2 | M10: 0 | N10: 2 | O10: 17.6 | P10: 0 | Q10: =IF($A10="","",IFERROR(MATCH($C10,'합격 기준 수치표'!$B$6:$B$13,0),0)) -> 8 | R10: =IF($A10="","",IF(AND(E10>='합격 기준 수치표'!$D$17,F10>='합격 기준 수치표'!$D$18,F10<='합격 기준 수치표'!$D$19,G10>='합격 기준 수치표'!$D$20,G10<='합격 기준 수치표'!$D$21,P10<='합격 기준 수치표'!$D$23,OR(H10<='합격 기준 수치표'!$D$24,O10="",O10<='합격 기준 수치표'!$D$22)),"OK","X")) -> X | S10: =IF($A10="","",IF($Q10=0,"?",IF(AND(INDEX('합격 기준 수치표'!$D$6:$D$13,$Q10)="",INDEX('합격 기준 수치표'!$E$6:$E$13,$Q10)=""),"-",IF(H10="","N/A",IF(OR(AND(INDEX('합격 기준 수치표'!$D$6:$D$13,$Q10)<>"",H10<INDEX('합격 기준 수치표'!$D$6:$D$13,$Q10)),AND(INDEX('합격 기준 수치표'!$E$6:$E$13,$Q10)<>"",H10>INDEX('합격 기준 수치표'!$E$6:$E$13,$Q10))),"X","OK"))))) -> OK | T10: =IF($A10="","",IF($Q10=0,"?",IF(AND(INDEX('합격 기준 수치표'!$F$6:$F$13,$Q10)="",INDEX('합격 기준 수치표'!$G$6:$G$13,$Q10)=""),"-",IF(I10="","N/A",IF(OR(AND(INDEX('합격 기준 수치표'!$F$6:$F$13,$Q10)<>"",I10<INDEX('합격 기준 수치표'!$F$6:$F$13,$Q10)),AND(INDEX('합격 기준 수치표'!$G$6:$G$13,$Q10)<>"",I10>INDEX('합격 기준 수치표'!$G$6:$G$13,$Q10))),"X","OK"))))) -> X | U10: =IF($A10="","",IF($Q10=0,"?",IF(AND(INDEX('합격 기준 수치표'!$H$6:$H$13,$Q10)="",INDEX('합격 기준 수치표'!$I$6:$I$13,$Q10)=""),"-",IF(J10="","N/A",IF(OR(AND(INDEX('합격 기준 수치표'!$H$6:$H$13,$Q10)<>"",J10<INDEX('합격 기준 수치표'!$H$6:$H$13,$Q10)),AND(INDEX('합격 기준 수치표'!$I$6:$I$13,$Q10)<>"",J10>INDEX('합격 기준 수치표'!$I$6:$I$13,$Q10))),"X","OK"))))) -> - | V10: =IF($A10="","",IF($Q10=0,"?",IF(AND(INDEX('합격 기준 수치표'!$J$6:$J$13,$Q10)="",INDEX('합격 기준 수치표'!$K$6:$K$13,$Q10)=""),"-",IF(K10="","N/A",IF(OR(AND(INDEX('합격 기준 수치표'!$J$6:$J$13,$Q10)<>"",K10<INDEX('합격 기준 수치표'!$J$6:$J$13,$Q10)),AND(INDEX('합격 기준 수치표'!$K$6:$K$13,$Q10)<>"",K10>INDEX('합격 기준 수치표'!$K$6:$K$13,$Q10))),"X","OK"))))) -> OK | W10: =IF($A10="","",IF($Q10=0,"?",IF(AND(INDEX('합격 기준 수치표'!$L$6:$L$13,$Q10)="",INDEX('합격 기준 수치표'!$M$6:$M$13,$Q10)=""),"-",IF(L10="","N/A",IF(OR(AND(INDEX('합격 기준 수치표'!$L$6:$L$13,$Q10)<>"",L10<INDEX('합격 기준 수치표'!$L$6:$L$13,$Q10)),AND(INDEX('합격 기준 수치표'!$M$6:$M$13,$Q10)<>"",L10>INDEX('합격 기준 수치표'!$M$6:$M$13,$Q10))),"X","OK"))))) -> - | X10: =IF($A10="","",IF($Q10=0,"?",IF(AND(INDEX('합격 기준 수치표'!$N$6:$N$13,$Q10)="",INDEX('합격 기준 수치표'!$O$6:$O$13,$Q10)=""),"-",IF(M10="","N/A",IF(OR(AND(INDEX('합격 기준 수치표'!$N$6:$N$13,$Q10)<>"",M10<INDEX('합격 기준 수치표'!$N$6:$N$13,$Q10)),AND(INDEX('합격 기준 수치표'!$O$6:$O$13,$Q10)<>"",M10>INDEX('합격 기준 수치표'!$O$6:$O$13,$Q10))),"X","OK"))))) -> OK | Y10: =IF($A10="","",IF($Q10=0,"?",IF(AND(INDEX('합격 기준 수치표'!$P$6:$P$13,$Q10)="",INDEX('합격 기준 수치표'!$Q$6:$Q$13,$Q10)=""),"-",IF(N10="","N/A",IF(OR(AND(INDEX('합격 기준 수치표'!$P$6:$P$13,$Q10)<>"",N10<INDEX('합격 기준 수치표'!$P$6:$P$13,$Q10)),AND(INDEX('합격 기준 수치표'!$Q$6:$Q$13,$Q10)<>"",N10>INDEX('합격 기준 수치표'!$Q$6:$Q$13,$Q10))),"X","OK"))))) -> X | Z10: =IF($A10="","",COUNTIF($S10:$Y10,"X")+IF($R10="X",1,0)) -> 3 | AA10: =IF($A10="","",IF($Q10=0,"자세명 확인",IF($Z10=0,"PASS","FAIL"))) -> FAIL
A11: dahye_cross_leg_left_3.csv | B11: dahye | C11: cross_leg_left | D11: 3 | E11: 1244 | F11: 20 | G11: 62.2 | H11: 12104 | I11: 2820 | J11: 47.3 | K11: 66.7 | L11: 44.6 | M11: 36.3 | N11: 14 | O11: 2.3 | P11: 0 | Q11: =IF($A11="","",IFERROR(MATCH($C11,'합격 기준 수치표'!$B$6:$B$13,0),0)) -> 5 | R11: =IF($A11="","",IF(AND(E11>='합격 기준 수치표'!$D$17,F11>='합격 기준 수치표'!$D$18,F11<='합격 기준 수치표'!$D$19,G11>='합격 기준 수치표'!$D$20,G11<='합격 기준 수치표'!$D$21,P11<='합격 기준 수치표'!$D$23,OR(H11<='합격 기준 수치표'!$D$24,O11="",O11<='합격 기준 수치표'!$D$22)),"OK","X")) -> OK | S11: =IF($A11="","",IF($Q11=0,"?",IF(AND(INDEX('합격 기준 수치표'!$D$6:$D$13,$Q11)="",INDEX('합격 기준 수치표'!$E$6:$E$13,$Q11)=""),"-",IF(H11="","N/A",IF(OR(AND(INDEX('합격 기준 수치표'!$D$6:$D$13,$Q11)<>"",H11<INDEX('합격 기준 수치표'!$D$6:$D$13,$Q11)),AND(INDEX('합격 기준 수치표'!$E$6:$E$13,$Q11)<>"",H11>INDEX('합격 기준 수치표'!$E$6:$E$13,$Q11))),"X","OK"))))) -> OK | T11: =IF($A11="","",IF($Q11=0,"?",IF(AND(INDEX('합격 기준 수치표'!$F$6:$F$13,$Q11)="",INDEX('합격 기준 수치표'!$G$6:$G$13,$Q11)=""),"-",IF(I11="","N/A",IF(OR(AND(INDEX('합격 기준 수치표'!$F$6:$F$13,$Q11)<>"",I11<INDEX('합격 기준 수치표'!$F$6:$F$13,$Q11)),AND(INDEX('합격 기준 수치표'!$G$6:$G$13,$Q11)<>"",I11>INDEX('합격 기준 수치표'!$G$6:$G$13,$Q11))),"X","OK"))))) -> OK | U11: =IF($A11="","",IF($Q11=0,"?",IF(AND(INDEX('합격 기준 수치표'!$H$6:$H$13,$Q11)="",INDEX('합격 기준 수치표'!$I$6:$I$13,$Q11)=""),"-",IF(J11="","N/A",IF(OR(AND(INDEX('합격 기준 수치표'!$H$6:$H$13,$Q11)<>"",J11<INDEX('합격 기준 수치표'!$H$6:$H$13,$Q11)),AND(INDEX('합격 기준 수치표'!$I$6:$I$13,$Q11)<>"",J11>INDEX('합격 기준 수치표'!$I$6:$I$13,$Q11))),"X","OK"))))) -> - | V11: =IF($A11="","",IF($Q11=0,"?",IF(AND(INDEX('합격 기준 수치표'!$J$6:$J$13,$Q11)="",INDEX('합격 기준 수치표'!$K$6:$K$13,$Q11)=""),"-",IF(K11="","N/A",IF(OR(AND(INDEX('합격 기준 수치표'!$J$6:$J$13,$Q11)<>"",K11<INDEX('합격 기준 수치표'!$J$6:$J$13,$Q11)),AND(INDEX('합격 기준 수치표'!$K$6:$K$13,$Q11)<>"",K11>INDEX('합격 기준 수치표'!$K$6:$K$13,$Q11))),"X","OK"))))) -> OK | W11: =IF($A11="","",IF($Q11=0,"?",IF(AND(INDEX('합격 기준 수치표'!$L$6:$L$13,$Q11)="",INDEX('합격 기준 수치표'!$M$6:$M$13,$Q11)=""),"-",IF(L11="","N/A",IF(OR(AND(INDEX('합격 기준 수치표'!$L$6:$L$13,$Q11)<>"",L11<INDEX('합격 기준 수치표'!$L$6:$L$13,$Q11)),AND(INDEX('합격 기준 수치표'!$M$6:$M$13,$Q11)<>"",L11>INDEX('합격 기준 수치표'!$M$6:$M$13,$Q11))),"X","OK"))))) -> - | X11: =IF($A11="","",IF($Q11=0,"?",IF(AND(INDEX('합격 기준 수치표'!$N$6:$N$13,$Q11)="",INDEX('합격 기준 수치표'!$O$6:$O$13,$Q11)=""),"-",IF(M11="","N/A",IF(OR(AND(INDEX('합격 기준 수치표'!$N$6:$N$13,$Q11)<>"",M11<INDEX('합격 기준 수치표'!$N$6:$N$13,$Q11)),AND(INDEX('합격 기준 수치표'!$O$6:$O$13,$Q11)<>"",M11>INDEX('합격 기준 수치표'!$O$6:$O$13,$Q11))),"X","OK"))))) -> - | Y11: =IF($A11="","",IF($Q11=0,"?",IF(AND(INDEX('합격 기준 수치표'!$P$6:$P$13,$Q11)="",INDEX('합격 기준 수치표'!$Q$6:$Q$13,$Q11)=""),"-",IF(N11="","N/A",IF(OR(AND(INDEX('합격 기준 수치표'!$P$6:$P$13,$Q11)<>"",N11<INDEX('합격 기준 수치표'!$P$6:$P$13,$Q11)),AND(INDEX('합격 기준 수치표'!$Q$6:$Q$13,$Q11)<>"",N11>INDEX('합격 기준 수치표'!$Q$6:$Q$13,$Q11))),"X","OK"))))) -> OK | Z11: =IF($A11="","",COUNTIF($S11:$Y11,"X")+IF($R11="X",1,0)) -> 0 | AA11: =IF($A11="","",IF($Q11=0,"자세명 확인",IF($Z11=0,"PASS","FAIL"))) -> PASS
A12: dahye_cross_leg_right_1.csv | B12: dahye | C12: cross_leg_right | D12: 1 | E12: 1245 | F12: 20 | G12: 62.3 | H12: 10400 | I12: 1855 | J12: 47.1 | K12: 36.2 | L12: 23.6 | M12: 46.4 | N12: 11 | O12: 3.6 | P12: 0 | Q12: =IF($A12="","",IFERROR(MATCH($C12,'합격 기준 수치표'!$B$6:$B$13,0),0)) -> 4 | R12: =IF($A12="","",IF(AND(E12>='합격 기준 수치표'!$D$17,F12>='합격 기준 수치표'!$D$18,F12<='합격 기준 수치표'!$D$19,G12>='합격 기준 수치표'!$D$20,G12<='합격 기준 수치표'!$D$21,P12<='합격 기준 수치표'!$D$23,OR(H12<='합격 기준 수치표'!$D$24,O12="",O12<='합격 기준 수치표'!$D$22)),"OK","X")) -> OK | S12: =IF($A12="","",IF($Q12=0,"?",IF(AND(INDEX('합격 기준 수치표'!$D$6:$D$13,$Q12)="",INDEX('합격 기준 수치표'!$E$6:$E$13,$Q12)=""),"-",IF(H12="","N/A",IF(OR(AND(INDEX('합격 기준 수치표'!$D$6:$D$13,$Q12)<>"",H12<INDEX('합격 기준 수치표'!$D$6:$D$13,$Q12)),AND(INDEX('합격 기준 수치표'!$E$6:$E$13,$Q12)<>"",H12>INDEX('합격 기준 수치표'!$E$6:$E$13,$Q12))),"X","OK"))))) -> OK | T12: =IF($A12="","",IF($Q12=0,"?",IF(AND(INDEX('합격 기준 수치표'!$F$6:$F$13,$Q12)="",INDEX('합격 기준 수치표'!$G$6:$G$13,$Q12)=""),"-",IF(I12="","N/A",IF(OR(AND(INDEX('합격 기준 수치표'!$F$6:$F$13,$Q12)<>"",I12<INDEX('합격 기준 수치표'!$F$6:$F$13,$Q12)),AND(INDEX('합격 기준 수치표'!$G$6:$G$13,$Q12)<>"",I12>INDEX('합격 기준 수치표'!$G$6:$G$13,$Q12))),"X","OK"))))) -> OK | U12: =IF($A12="","",IF($Q12=0,"?",IF(AND(INDEX('합격 기준 수치표'!$H$6:$H$13,$Q12)="",INDEX('합격 기준 수치표'!$I$6:$I$13,$Q12)=""),"-",IF(J12="","N/A",IF(OR(AND(INDEX('합격 기준 수치표'!$H$6:$H$13,$Q12)<>"",J12<INDEX('합격 기준 수치표'!$H$6:$H$13,$Q12)),AND(INDEX('합격 기준 수치표'!$I$6:$I$13,$Q12)<>"",J12>INDEX('합격 기준 수치표'!$I$6:$I$13,$Q12))),"X","OK"))))) -> - | V12: =IF($A12="","",IF($Q12=0,"?",IF(AND(INDEX('합격 기준 수치표'!$J$6:$J$13,$Q12)="",INDEX('합격 기준 수치표'!$K$6:$K$13,$Q12)=""),"-",IF(K12="","N/A",IF(OR(AND(INDEX('합격 기준 수치표'!$J$6:$J$13,$Q12)<>"",K12<INDEX('합격 기준 수치표'!$J$6:$J$13,$Q12)),AND(INDEX('합격 기준 수치표'!$K$6:$K$13,$Q12)<>"",K12>INDEX('합격 기준 수치표'!$K$6:$K$13,$Q12))),"X","OK"))))) -> OK | W12: =IF($A12="","",IF($Q12=0,"?",IF(AND(INDEX('합격 기준 수치표'!$L$6:$L$13,$Q12)="",INDEX('합격 기준 수치표'!$M$6:$M$13,$Q12)=""),"-",IF(L12="","N/A",IF(OR(AND(INDEX('합격 기준 수치표'!$L$6:$L$13,$Q12)<>"",L12<INDEX('합격 기준 수치표'!$L$6:$L$13,$Q12)),AND(INDEX('합격 기준 수치표'!$M$6:$M$13,$Q12)<>"",L12>INDEX('합격 기준 수치표'!$M$6:$M$13,$Q12))),"X","OK"))))) -> - | X12: =IF($A12="","",IF($Q12=0,"?",IF(AND(INDEX('합격 기준 수치표'!$N$6:$N$13,$Q12)="",INDEX('합격 기준 수치표'!$O$6:$O$13,$Q12)=""),"-",IF(M12="","N/A",IF(OR(AND(INDEX('합격 기준 수치표'!$N$6:$N$13,$Q12)<>"",M12<INDEX('합격 기준 수치표'!$N$6:$N$13,$Q12)),AND(INDEX('합격 기준 수치표'!$O$6:$O$13,$Q12)<>"",M12>INDEX('합격 기준 수치표'!$O$6:$O$13,$Q12))),"X","OK"))))) -> - | Y12: =IF($A12="","",IF($Q12=0,"?",IF(AND(INDEX('합격 기준 수치표'!$P$6:$P$13,$Q12)="",INDEX('합격 기준 수치표'!$Q$6:$Q$13,$Q12)=""),"-",IF(N12="","N/A",IF(OR(AND(INDEX('합격 기준 수치표'!$P$6:$P$13,$Q12)<>"",N12<INDEX('합격 기준 수치표'!$P$6:$P$13,$Q12)),AND(INDEX('합격 기준 수치표'!$Q$6:$Q$13,$Q12)<>"",N12>INDEX('합격 기준 수치표'!$Q$6:$Q$13,$Q12))),"X","OK"))))) -> OK | Z12: =IF($A12="","",COUNTIF($S12:$Y12,"X")+IF($R12="X",1,0)) -> 0 | AA12: =IF($A12="","",IF($Q12=0,"자세명 확인",IF($Z12=0,"PASS","FAIL"))) -> PASS
A13: dahye_lean_forward_1.csv | B13: dahye | C13: lean_forward | D13: 1 | E13: 1245 | F13: 20 | G13: 62.3 | H13: 9737 | I13: 0 | J13: 29.5 | K13: 47.2 | N13: 0 | O13: 3.3 | P13: 0 | Q13: =IF($A13="","",IFERROR(MATCH($C13,'합격 기준 수치표'!$B$6:$B$13,0),0)) -> 3 | R13: =IF($A13="","",IF(AND(E13>='합격 기준 수치표'!$D$17,F13>='합격 기준 수치표'!$D$18,F13<='합격 기준 수치표'!$D$19,G13>='합격 기준 수치표'!$D$20,G13<='합격 기준 수치표'!$D$21,P13<='합격 기준 수치표'!$D$23,OR(H13<='합격 기준 수치표'!$D$24,O13="",O13<='합격 기준 수치표'!$D$22)),"OK","X")) -> OK | S13: =IF($A13="","",IF($Q13=0,"?",IF(AND(INDEX('합격 기준 수치표'!$D$6:$D$13,$Q13)="",INDEX('합격 기준 수치표'!$E$6:$E$13,$Q13)=""),"-",IF(H13="","N/A",IF(OR(AND(INDEX('합격 기준 수치표'!$D$6:$D$13,$Q13)<>"",H13<INDEX('합격 기준 수치표'!$D$6:$D$13,$Q13)),AND(INDEX('합격 기준 수치표'!$E$6:$E$13,$Q13)<>"",H13>INDEX('합격 기준 수치표'!$E$6:$E$13,$Q13))),"X","OK"))))) -> OK | T13: =IF($A13="","",IF($Q13=0,"?",IF(AND(INDEX('합격 기준 수치표'!$F$6:$F$13,$Q13)="",INDEX('합격 기준 수치표'!$G$6:$G$13,$Q13)=""),"-",IF(I13="","N/A",IF(OR(AND(INDEX('합격 기준 수치표'!$F$6:$F$13,$Q13)<>"",I13<INDEX('합격 기준 수치표'!$F$6:$F$13,$Q13)),AND(INDEX('합격 기준 수치표'!$G$6:$G$13,$Q13)<>"",I13>INDEX('합격 기준 수치표'!$G$6:$G$13,$Q13))),"X","OK"))))) -> OK | U13: =IF($A13="","",IF($Q13=0,"?",IF(AND(INDEX('합격 기준 수치표'!$H$6:$H$13,$Q13)="",INDEX('합격 기준 수치표'!$I$6:$I$13,$Q13)=""),"-",IF(J13="","N/A",IF(OR(AND(INDEX('합격 기준 수치표'!$H$6:$H$13,$Q13)<>"",J13<INDEX('합격 기준 수치표'!$H$6:$H$13,$Q13)),AND(INDEX('합격 기준 수치표'!$I$6:$I$13,$Q13)<>"",J13>INDEX('합격 기준 수치표'!$I$6:$I$13,$Q13))),"X","OK"))))) -> OK | V13: =IF($A13="","",IF($Q13=0,"?",IF(AND(INDEX('합격 기준 수치표'!$J$6:$J$13,$Q13)="",INDEX('합격 기준 수치표'!$K$6:$K$13,$Q13)=""),"-",IF(K13="","N/A",IF(OR(AND(INDEX('합격 기준 수치표'!$J$6:$J$13,$Q13)<>"",K13<INDEX('합격 기준 수치표'!$J$6:$J$13,$Q13)),AND(INDEX('합격 기준 수치표'!$K$6:$K$13,$Q13)<>"",K13>INDEX('합격 기준 수치표'!$K$6:$K$13,$Q13))),"X","OK"))))) -> OK | W13: =IF($A13="","",IF($Q13=0,"?",IF(AND(INDEX('합격 기준 수치표'!$L$6:$L$13,$Q13)="",INDEX('합격 기준 수치표'!$M$6:$M$13,$Q13)=""),"-",IF(L13="","N/A",IF(OR(AND(INDEX('합격 기준 수치표'!$L$6:$L$13,$Q13)<>"",L13<INDEX('합격 기준 수치표'!$L$6:$L$13,$Q13)),AND(INDEX('합격 기준 수치표'!$M$6:$M$13,$Q13)<>"",L13>INDEX('합격 기준 수치표'!$M$6:$M$13,$Q13))),"X","OK"))))) -> - | X13: =IF($A13="","",IF($Q13=0,"?",IF(AND(INDEX('합격 기준 수치표'!$N$6:$N$13,$Q13)="",INDEX('합격 기준 수치표'!$O$6:$O$13,$Q13)=""),"-",IF(M13="","N/A",IF(OR(AND(INDEX('합격 기준 수치표'!$N$6:$N$13,$Q13)<>"",M13<INDEX('합격 기준 수치표'!$N$6:$N$13,$Q13)),AND(INDEX('합격 기준 수치표'!$O$6:$O$13,$Q13)<>"",M13>INDEX('합격 기준 수치표'!$O$6:$O$13,$Q13))),"X","OK"))))) -> - | Y13: =IF($A13="","",IF($Q13=0,"?",IF(AND(INDEX('합격 기준 수치표'!$P$6:$P$13,$Q13)="",INDEX('합격 기준 수치표'!$Q$6:$Q$13,$Q13)=""),"-",IF(N13="","N/A",IF(OR(AND(INDEX('합격 기준 수치표'!$P$6:$P$13,$Q13)<>"",N13<INDEX('합격 기준 수치표'!$P$6:$P$13,$Q13)),AND(INDEX('합격 기준 수치표'!$Q$6:$Q$13,$Q13)<>"",N13>INDEX('합격 기준 수치표'!$Q$6:$Q$13,$Q13))),"X","OK"))))) -> - | Z13: =IF($A13="","",COUNTIF($S13:$Y13,"X")+IF($R13="X",1,0)) -> 0 | AA13: =IF($A13="","",IF($Q13=0,"자세명 확인",IF($Z13=0,"PASS","FAIL"))) -> PASS
A14: dahye_lean_left_2.csv | B14: dahye | C14: lean_left | D14: 2 | E14: 1245 | F14: 20 | G14: 62.3 | H14: 13118 | I14: 3487 | J14: 37.1 | K14: 48.3 | L14: 0 | M14: 47.4 | N14: 8 | O14: 2.7 | P14: 0 | Q14: =IF($A14="","",IFERROR(MATCH($C14,'합격 기준 수치표'!$B$6:$B$13,0),0)) -> 7 | R14: =IF($A14="","",IF(AND(E14>='합격 기준 수치표'!$D$17,F14>='합격 기준 수치표'!$D$18,F14<='합격 기준 수치표'!$D$19,G14>='합격 기준 수치표'!$D$20,G14<='합격 기준 수치표'!$D$21,P14<='합격 기준 수치표'!$D$23,OR(H14<='합격 기준 수치표'!$D$24,O14="",O14<='합격 기준 수치표'!$D$22)),"OK","X")) -> OK | S14: =IF($A14="","",IF($Q14=0,"?",IF(AND(INDEX('합격 기준 수치표'!$D$6:$D$13,$Q14)="",INDEX('합격 기준 수치표'!$E$6:$E$13,$Q14)=""),"-",IF(H14="","N/A",IF(OR(AND(INDEX('합격 기준 수치표'!$D$6:$D$13,$Q14)<>"",H14<INDEX('합격 기준 수치표'!$D$6:$D$13,$Q14)),AND(INDEX('합격 기준 수치표'!$E$6:$E$13,$Q14)<>"",H14>INDEX('합격 기준 수치표'!$E$6:$E$13,$Q14))),"X","OK"))))) -> OK | T14: =IF($A14="","",IF($Q14=0,"?",IF(AND(INDEX('합격 기준 수치표'!$F$6:$F$13,$Q14)="",INDEX('합격 기준 수치표'!$G$6:$G$13,$Q14)=""),"-",IF(I14="","N/A",IF(OR(AND(INDEX('합격 기준 수치표'!$F$6:$F$13,$Q14)<>"",I14<INDEX('합격 기준 수치표'!$F$6:$F$13,$Q14)),AND(INDEX('합격 기준 수치표'!$G$6:$G$13,$Q14)<>"",I14>INDEX('합격 기준 수치표'!$G$6:$G$13,$Q14))),"X","OK"))))) -> OK | U14: =IF($A14="","",IF($Q14=0,"?",IF(AND(INDEX('합격 기준 수치표'!$H$6:$H$13,$Q14)="",INDEX('합격 기준 수치표'!$I$6:$I$13,$Q14)=""),"-",IF(J14="","N/A",IF(OR(AND(INDEX('합격 기준 수치표'!$H$6:$H$13,$Q14)<>"",J14<INDEX('합격 기준 수치표'!$H$6:$H$13,$Q14)),AND(INDEX('합격 기준 수치표'!$I$6:$I$13,$Q14)<>"",J14>INDEX('합격 기준 수치표'!$I$6:$I$13,$Q14))),"X","OK"))))) -> - | V14: =IF($A14="","",IF($Q14=0,"?",IF(AND(INDEX('합격 기준 수치표'!$J$6:$J$13,$Q14)="",INDEX('합격 기준 수치표'!$K$6:$K$13,$Q14)=""),"-",IF(K14="","N/A",IF(OR(AND(INDEX('합격 기준 수치표'!$J$6:$J$13,$Q14)<>"",K14<INDEX('합격 기준 수치표'!$J$6:$J$13,$Q14)),AND(INDEX('합격 기준 수치표'!$K$6:$K$13,$Q14)<>"",K14>INDEX('합격 기준 수치표'!$K$6:$K$13,$Q14))),"X","OK"))))) -> - | W14: =IF($A14="","",IF($Q14=0,"?",IF(AND(INDEX('합격 기준 수치표'!$L$6:$L$13,$Q14)="",INDEX('합격 기준 수치표'!$M$6:$M$13,$Q14)=""),"-",IF(L14="","N/A",IF(OR(AND(INDEX('합격 기준 수치표'!$L$6:$L$13,$Q14)<>"",L14<INDEX('합격 기준 수치표'!$L$6:$L$13,$Q14)),AND(INDEX('합격 기준 수치표'!$M$6:$M$13,$Q14)<>"",L14>INDEX('합격 기준 수치표'!$M$6:$M$13,$Q14))),"X","OK"))))) -> OK | X14: =IF($A14="","",IF($Q14=0,"?",IF(AND(INDEX('합격 기준 수치표'!$N$6:$N$13,$Q14)="",INDEX('합격 기준 수치표'!$O$6:$O$13,$Q14)=""),"-",IF(M14="","N/A",IF(OR(AND(INDEX('합격 기준 수치표'!$N$6:$N$13,$Q14)<>"",M14<INDEX('합격 기준 수치표'!$N$6:$N$13,$Q14)),AND(INDEX('합격 기준 수치표'!$O$6:$O$13,$Q14)<>"",M14>INDEX('합격 기준 수치표'!$O$6:$O$13,$Q14))),"X","OK"))))) -> - | Y14: =IF($A14="","",IF($Q14=0,"?",IF(AND(INDEX('합격 기준 수치표'!$P$6:$P$13,$Q14)="",INDEX('합격 기준 수치표'!$Q$6:$Q$13,$Q14)=""),"-",IF(N14="","N/A",IF(OR(AND(INDEX('합격 기준 수치표'!$P$6:$P$13,$Q14)<>"",N14<INDEX('합격 기준 수치표'!$P$6:$P$13,$Q14)),AND(INDEX('합격 기준 수치표'!$Q$6:$Q$13,$Q14)<>"",N14>INDEX('합격 기준 수치표'!$Q$6:$Q$13,$Q14))),"X","OK"))))) -> OK | Z14: =IF($A14="","",COUNTIF($S14:$Y14,"X")+IF($R14="X",1,0)) -> 0 | AA14: =IF($A14="","",IF($Q14=0,"자세명 확인",IF($Z14=0,"PASS","FAIL"))) -> PASS
A15: dahye_lean_right_1.csv | B15: dahye | C15: lean_right | D15: 1 | E15: 1245 | F15: 20 | G15: 62.3 | H15: 11749 | I15: 1897 | J15: 41.6 | K15: 69.3 | L15: 100 | M15: 22.5 | N15: 7 | O15: 1.1 | P15: 0 | Q15: =IF($A15="","",IFERROR(MATCH($C15,'합격 기준 수치표'!$B$6:$B$13,0),0)) -> 6 | R15: =IF($A15="","",IF(AND(E15>='합격 기준 수치표'!$D$17,F15>='합격 기준 수치표'!$D$18,F15<='합격 기준 수치표'!$D$19,G15>='합격 기준 수치표'!$D$20,G15<='합격 기준 수치표'!$D$21,P15<='합격 기준 수치표'!$D$23,OR(H15<='합격 기준 수치표'!$D$24,O15="",O15<='합격 기준 수치표'!$D$22)),"OK","X")) -> OK | S15: =IF($A15="","",IF($Q15=0,"?",IF(AND(INDEX('합격 기준 수치표'!$D$6:$D$13,$Q15)="",INDEX('합격 기준 수치표'!$E$6:$E$13,$Q15)=""),"-",IF(H15="","N/A",IF(OR(AND(INDEX('합격 기준 수치표'!$D$6:$D$13,$Q15)<>"",H15<INDEX('합격 기준 수치표'!$D$6:$D$13,$Q15)),AND(INDEX('합격 기준 수치표'!$E$6:$E$13,$Q15)<>"",H15>INDEX('합격 기준 수치표'!$E$6:$E$13,$Q15))),"X","OK"))))) -> OK | T15: =IF($A15="","",IF($Q15=0,"?",IF(AND(INDEX('합격 기준 수치표'!$F$6:$F$13,$Q15)="",INDEX('합격 기준 수치표'!$G$6:$G$13,$Q15)=""),"-",IF(I15="","N/A",IF(OR(AND(INDEX('합격 기준 수치표'!$F$6:$F$13,$Q15)<>"",I15<INDEX('합격 기준 수치표'!$F$6:$F$13,$Q15)),AND(INDEX('합격 기준 수치표'!$G$6:$G$13,$Q15)<>"",I15>INDEX('합격 기준 수치표'!$G$6:$G$13,$Q15))),"X","OK"))))) -> OK | U15: =IF($A15="","",IF($Q15=0,"?",IF(AND(INDEX('합격 기준 수치표'!$H$6:$H$13,$Q15)="",INDEX('합격 기준 수치표'!$I$6:$I$13,$Q15)=""),"-",IF(J15="","N/A",IF(OR(AND(INDEX('합격 기준 수치표'!$H$6:$H$13,$Q15)<>"",J15<INDEX('합격 기준 수치표'!$H$6:$H$13,$Q15)),AND(INDEX('합격 기준 수치표'!$I$6:$I$13,$Q15)<>"",J15>INDEX('합격 기준 수치표'!$I$6:$I$13,$Q15))),"X","OK"))))) -> - | V15: =IF($A15="","",IF($Q15=0,"?",IF(AND(INDEX('합격 기준 수치표'!$J$6:$J$13,$Q15)="",INDEX('합격 기준 수치표'!$K$6:$K$13,$Q15)=""),"-",IF(K15="","N/A",IF(OR(AND(INDEX('합격 기준 수치표'!$J$6:$J$13,$Q15)<>"",K15<INDEX('합격 기준 수치표'!$J$6:$J$13,$Q15)),AND(INDEX('합격 기준 수치표'!$K$6:$K$13,$Q15)<>"",K15>INDEX('합격 기준 수치표'!$K$6:$K$13,$Q15))),"X","OK"))))) -> OK | W15: =IF($A15="","",IF($Q15=0,"?",IF(AND(INDEX('합격 기준 수치표'!$L$6:$L$13,$Q15)="",INDEX('합격 기준 수치표'!$M$6:$M$13,$Q15)=""),"-",IF(L15="","N/A",IF(OR(AND(INDEX('합격 기준 수치표'!$L$6:$L$13,$Q15)<>"",L15<INDEX('합격 기준 수치표'!$L$6:$L$13,$Q15)),AND(INDEX('합격 기준 수치표'!$M$6:$M$13,$Q15)<>"",L15>INDEX('합격 기준 수치표'!$M$6:$M$13,$Q15))),"X","OK"))))) -> OK | X15: =IF($A15="","",IF($Q15=0,"?",IF(AND(INDEX('합격 기준 수치표'!$N$6:$N$13,$Q15)="",INDEX('합격 기준 수치표'!$O$6:$O$13,$Q15)=""),"-",IF(M15="","N/A",IF(OR(AND(INDEX('합격 기준 수치표'!$N$6:$N$13,$Q15)<>"",M15<INDEX('합격 기준 수치표'!$N$6:$N$13,$Q15)),AND(INDEX('합격 기준 수치표'!$O$6:$O$13,$Q15)<>"",M15>INDEX('합격 기준 수치표'!$O$6:$O$13,$Q15))),"X","OK"))))) -> - | Y15: =IF($A15="","",IF($Q15=0,"?",IF(AND(INDEX('합격 기준 수치표'!$P$6:$P$13,$Q15)="",INDEX('합격 기준 수치표'!$Q$6:$Q$13,$Q15)=""),"-",IF(N15="","N/A",IF(OR(AND(INDEX('합격 기준 수치표'!$P$6:$P$13,$Q15)<>"",N15<INDEX('합격 기준 수치표'!$P$6:$P$13,$Q15)),AND(INDEX('합격 기준 수치표'!$Q$6:$Q$13,$Q15)<>"",N15>INDEX('합격 기준 수치표'!$Q$6:$Q$13,$Q15))),"X","OK"))))) -> OK | Z15: =IF($A15="","",COUNTIF($S15:$Y15,"X")+IF($R15="X",1,0)) -> 0 | AA15: =IF($A15="","",IF($Q15=0,"자세명 확인",IF($Z15=0,"PASS","FAIL"))) -> PASS
A16: dahye_sitting_straight_1.csv | B16: dahye | C16: sitting_straight | D16: 1 | E16: 1344 | F16: 20 | G16: 67.2 | H16: 12325 | I16: 2189 | J16: 37 | K16: 45.2 | L16: 51.1 | M16: 23 | N16: 14 | O16: 0.3 | P16: 0 | Q16: =IF($A16="","",IFERROR(MATCH($C16,'합격 기준 수치표'!$B$6:$B$13,0),0)) -> 2 | R16: =IF($A16="","",IF(AND(E16>='합격 기준 수치표'!$D$17,F16>='합격 기준 수치표'!$D$18,F16<='합격 기준 수치표'!$D$19,G16>='합격 기준 수치표'!$D$20,G16<='합격 기준 수치표'!$D$21,P16<='합격 기준 수치표'!$D$23,OR(H16<='합격 기준 수치표'!$D$24,O16="",O16<='합격 기준 수치표'!$D$22)),"OK","X")) -> OK | S16: =IF($A16="","",IF($Q16=0,"?",IF(AND(INDEX('합격 기준 수치표'!$D$6:$D$13,$Q16)="",INDEX('합격 기준 수치표'!$E$6:$E$13,$Q16)=""),"-",IF(H16="","N/A",IF(OR(AND(INDEX('합격 기준 수치표'!$D$6:$D$13,$Q16)<>"",H16<INDEX('합격 기준 수치표'!$D$6:$D$13,$Q16)),AND(INDEX('합격 기준 수치표'!$E$6:$E$13,$Q16)<>"",H16>INDEX('합격 기준 수치표'!$E$6:$E$13,$Q16))),"X","OK"))))) -> OK | T16: =IF($A16="","",IF($Q16=0,"?",IF(AND(INDEX('합격 기준 수치표'!$F$6:$F$13,$Q16)="",INDEX('합격 기준 수치표'!$G$6:$G$13,$Q16)=""),"-",IF(I16="","N/A",IF(OR(AND(INDEX('합격 기준 수치표'!$F$6:$F$13,$Q16)<>"",I16<INDEX('합격 기준 수치표'!$F$6:$F$13,$Q16)),AND(INDEX('합격 기준 수치표'!$G$6:$G$13,$Q16)<>"",I16>INDEX('합격 기준 수치표'!$G$6:$G$13,$Q16))),"X","OK"))))) -> OK | U16: =IF($A16="","",IF($Q16=0,"?",IF(AND(INDEX('합격 기준 수치표'!$H$6:$H$13,$Q16)="",INDEX('합격 기준 수치표'!$I$6:$I$13,$Q16)=""),"-",IF(J16="","N/A",IF(OR(AND(INDEX('합격 기준 수치표'!$H$6:$H$13,$Q16)<>"",J16<INDEX('합격 기준 수치표'!$H$6:$H$13,$Q16)),AND(INDEX('합격 기준 수치표'!$I$6:$I$13,$Q16)<>"",J16>INDEX('합격 기준 수치표'!$I$6:$I$13,$Q16))),"X","OK"))))) -> - | V16: =IF($A16="","",IF($Q16=0,"?",IF(AND(INDEX('합격 기준 수치표'!$J$6:$J$13,$Q16)="",INDEX('합격 기준 수치표'!$K$6:$K$13,$Q16)=""),"-",IF(K16="","N/A",IF(OR(AND(INDEX('합격 기준 수치표'!$J$6:$J$13,$Q16)<>"",K16<INDEX('합격 기준 수치표'!$J$6:$J$13,$Q16)),AND(INDEX('합격 기준 수치표'!$K$6:$K$13,$Q16)<>"",K16>INDEX('합격 기준 수치표'!$K$6:$K$13,$Q16))),"X","OK"))))) -> OK | W16: =IF($A16="","",IF($Q16=0,"?",IF(AND(INDEX('합격 기준 수치표'!$L$6:$L$13,$Q16)="",INDEX('합격 기준 수치표'!$M$6:$M$13,$Q16)=""),"-",IF(L16="","N/A",IF(OR(AND(INDEX('합격 기준 수치표'!$L$6:$L$13,$Q16)<>"",L16<INDEX('합격 기준 수치표'!$L$6:$L$13,$Q16)),AND(INDEX('합격 기준 수치표'!$M$6:$M$13,$Q16)<>"",L16>INDEX('합격 기준 수치표'!$M$6:$M$13,$Q16))),"X","OK"))))) -> - | X16: =IF($A16="","",IF($Q16=0,"?",IF(AND(INDEX('합격 기준 수치표'!$N$6:$N$13,$Q16)="",INDEX('합격 기준 수치표'!$O$6:$O$13,$Q16)=""),"-",IF(M16="","N/A",IF(OR(AND(INDEX('합격 기준 수치표'!$N$6:$N$13,$Q16)<>"",M16<INDEX('합격 기준 수치표'!$N$6:$N$13,$Q16)),AND(INDEX('합격 기준 수치표'!$O$6:$O$13,$Q16)<>"",M16>INDEX('합격 기준 수치표'!$O$6:$O$13,$Q16))),"X","OK"))))) -> - | Y16: =IF($A16="","",IF($Q16=0,"?",IF(AND(INDEX('합격 기준 수치표'!$P$6:$P$13,$Q16)="",INDEX('합격 기준 수치표'!$Q$6:$Q$13,$Q16)=""),"-",IF(N16="","N/A",IF(OR(AND(INDEX('합격 기준 수치표'!$P$6:$P$13,$Q16)<>"",N16<INDEX('합격 기준 수치표'!$P$6:$P$13,$Q16)),AND(INDEX('합격 기준 수치표'!$Q$6:$Q$13,$Q16)<>"",N16>INDEX('합격 기준 수치표'!$Q$6:$Q$13,$Q16))),"X","OK"))))) -> OK | Z16: =IF($A16="","",COUNTIF($S16:$Y16,"X")+IF($R16="X",1,0)) -> 0 | AA16: =IF($A16="","",IF($Q16=0,"자세명 확인",IF($Z16=0,"PASS","FAIL"))) -> PASS
A17: dahye_turtle_neck_1.csv | B17: dahye | C17: turtle_neck | D17: 1 | E17: 1245 | F17: 20 | G17: 62.3 | H17: 10977 | I17: 1584 | J17: 57.6 | K17: 50.3 | L17: 57.5 | M17: 0 | N17: 7 | O17: 1.1 | P17: 0 | Q17: =IF($A17="","",IFERROR(MATCH($C17,'합격 기준 수치표'!$B$6:$B$13,0),0)) -> 8 | R17: =IF($A17="","",IF(AND(E17>='합격 기준 수치표'!$D$17,F17>='합격 기준 수치표'!$D$18,F17<='합격 기준 수치표'!$D$19,G17>='합격 기준 수치표'!$D$20,G17<='합격 기준 수치표'!$D$21,P17<='합격 기준 수치표'!$D$23,OR(H17<='합격 기준 수치표'!$D$24,O17="",O17<='합격 기준 수치표'!$D$22)),"OK","X")) -> OK | S17: =IF($A17="","",IF($Q17=0,"?",IF(AND(INDEX('합격 기준 수치표'!$D$6:$D$13,$Q17)="",INDEX('합격 기준 수치표'!$E$6:$E$13,$Q17)=""),"-",IF(H17="","N/A",IF(OR(AND(INDEX('합격 기준 수치표'!$D$6:$D$13,$Q17)<>"",H17<INDEX('합격 기준 수치표'!$D$6:$D$13,$Q17)),AND(INDEX('합격 기준 수치표'!$E$6:$E$13,$Q17)<>"",H17>INDEX('합격 기준 수치표'!$E$6:$E$13,$Q17))),"X","OK"))))) -> OK | T17: =IF($A17="","",IF($Q17=0,"?",IF(AND(INDEX('합격 기준 수치표'!$F$6:$F$13,$Q17)="",INDEX('합격 기준 수치표'!$G$6:$G$13,$Q17)=""),"-",IF(I17="","N/A",IF(OR(AND(INDEX('합격 기준 수치표'!$F$6:$F$13,$Q17)<>"",I17<INDEX('합격 기준 수치표'!$F$6:$F$13,$Q17)),AND(INDEX('합격 기준 수치표'!$G$6:$G$13,$Q17)<>"",I17>INDEX('합격 기준 수치표'!$G$6:$G$13,$Q17))),"X","OK"))))) -> OK | U17: =IF($A17="","",IF($Q17=0,"?",IF(AND(INDEX('합격 기준 수치표'!$H$6:$H$13,$Q17)="",INDEX('합격 기준 수치표'!$I$6:$I$13,$Q17)=""),"-",IF(J17="","N/A",IF(OR(AND(INDEX('합격 기준 수치표'!$H$6:$H$13,$Q17)<>"",J17<INDEX('합격 기준 수치표'!$H$6:$H$13,$Q17)),AND(INDEX('합격 기준 수치표'!$I$6:$I$13,$Q17)<>"",J17>INDEX('합격 기준 수치표'!$I$6:$I$13,$Q17))),"X","OK"))))) -> - | V17: =IF($A17="","",IF($Q17=0,"?",IF(AND(INDEX('합격 기준 수치표'!$J$6:$J$13,$Q17)="",INDEX('합격 기준 수치표'!$K$6:$K$13,$Q17)=""),"-",IF(K17="","N/A",IF(OR(AND(INDEX('합격 기준 수치표'!$J$6:$J$13,$Q17)<>"",K17<INDEX('합격 기준 수치표'!$J$6:$J$13,$Q17)),AND(INDEX('합격 기준 수치표'!$K$6:$K$13,$Q17)<>"",K17>INDEX('합격 기준 수치표'!$K$6:$K$13,$Q17))),"X","OK"))))) -> OK | W17: =IF($A17="","",IF($Q17=0,"?",IF(AND(INDEX('합격 기준 수치표'!$L$6:$L$13,$Q17)="",INDEX('합격 기준 수치표'!$M$6:$M$13,$Q17)=""),"-",IF(L17="","N/A",IF(OR(AND(INDEX('합격 기준 수치표'!$L$6:$L$13,$Q17)<>"",L17<INDEX('합격 기준 수치표'!$L$6:$L$13,$Q17)),AND(INDEX('합격 기준 수치표'!$M$6:$M$13,$Q17)<>"",L17>INDEX('합격 기준 수치표'!$M$6:$M$13,$Q17))),"X","OK"))))) -> - | X17: =IF($A17="","",IF($Q17=0,"?",IF(AND(INDEX('합격 기준 수치표'!$N$6:$N$13,$Q17)="",INDEX('합격 기준 수치표'!$O$6:$O$13,$Q17)=""),"-",IF(M17="","N/A",IF(OR(AND(INDEX('합격 기준 수치표'!$N$6:$N$13,$Q17)<>"",M17<INDEX('합격 기준 수치표'!$N$6:$N$13,$Q17)),AND(INDEX('합격 기준 수치표'!$O$6:$O$13,$Q17)<>"",M17>INDEX('합격 기준 수치표'!$O$6:$O$13,$Q17))),"X","OK"))))) -> OK | Y17: =IF($A17="","",IF($Q17=0,"?",IF(AND(INDEX('합격 기준 수치표'!$P$6:$P$13,$Q17)="",INDEX('합격 기준 수치표'!$Q$6:$Q$13,$Q17)=""),"-",IF(N17="","N/A",IF(OR(AND(INDEX('합격 기준 수치표'!$P$6:$P$13,$Q17)<>"",N17<INDEX('합격 기준 수치표'!$P$6:$P$13,$Q17)),AND(INDEX('합격 기준 수치표'!$Q$6:$Q$13,$Q17)<>"",N17>INDEX('합격 기준 수치표'!$Q$6:$Q$13,$Q17))),"X","OK"))))) -> OK | Z17: =IF($A17="","",COUNTIF($S17:$Y17,"X")+IF($R17="X",1,0)) -> 0 | AA17: =IF($A17="","",IF($Q17=0,"자세명 확인",IF($Z17=0,"PASS","FAIL"))) -> PASS
A18: junseo_cross_leg_left_2.csv | B18: junseo | C18: cross_leg_left | D18: 2 | E18: 1244 | F18: 20 | G18: 62.2 | H18: 15265 | I18: 1680 | J18: 34.8 | K18: 62.9 | L18: 0 | M18: 0.1 | N18: 7 | O18: 0.2 | P18: 0 | Q18: =IF($A18="","",IFERROR(MATCH($C18,'합격 기준 수치표'!$B$6:$B$13,0),0)) -> 5 | R18: =IF($A18="","",IF(AND(E18>='합격 기준 수치표'!$D$17,F18>='합격 기준 수치표'!$D$18,F18<='합격 기준 수치표'!$D$19,G18>='합격 기준 수치표'!$D$20,G18<='합격 기준 수치표'!$D$21,P18<='합격 기준 수치표'!$D$23,OR(H18<='합격 기준 수치표'!$D$24,O18="",O18<='합격 기준 수치표'!$D$22)),"OK","X")) -> OK | S18: =IF($A18="","",IF($Q18=0,"?",IF(AND(INDEX('합격 기준 수치표'!$D$6:$D$13,$Q18)="",INDEX('합격 기준 수치표'!$E$6:$E$13,$Q18)=""),"-",IF(H18="","N/A",IF(OR(AND(INDEX('합격 기준 수치표'!$D$6:$D$13,$Q18)<>"",H18<INDEX('합격 기준 수치표'!$D$6:$D$13,$Q18)),AND(INDEX('합격 기준 수치표'!$E$6:$E$13,$Q18)<>"",H18>INDEX('합격 기준 수치표'!$E$6:$E$13,$Q18))),"X","OK"))))) -> OK | T18: =IF($A18="","",IF($Q18=0,"?",IF(AND(INDEX('합격 기준 수치표'!$F$6:$F$13,$Q18)="",INDEX('합격 기준 수치표'!$G$6:$G$13,$Q18)=""),"-",IF(I18="","N/A",IF(OR(AND(INDEX('합격 기준 수치표'!$F$6:$F$13,$Q18)<>"",I18<INDEX('합격 기준 수치표'!$F$6:$F$13,$Q18)),AND(INDEX('합격 기준 수치표'!$G$6:$G$13,$Q18)<>"",I18>INDEX('합격 기준 수치표'!$G$6:$G$13,$Q18))),"X","OK"))))) -> OK | U18: =IF($A18="","",IF($Q18=0,"?",IF(AND(INDEX('합격 기준 수치표'!$H$6:$H$13,$Q18)="",INDEX('합격 기준 수치표'!$I$6:$I$13,$Q18)=""),"-",IF(J18="","N/A",IF(OR(AND(INDEX('합격 기준 수치표'!$H$6:$H$13,$Q18)<>"",J18<INDEX('합격 기준 수치표'!$H$6:$H$13,$Q18)),AND(INDEX('합격 기준 수치표'!$I$6:$I$13,$Q18)<>"",J18>INDEX('합격 기준 수치표'!$I$6:$I$13,$Q18))),"X","OK"))))) -> - | V18: =IF($A18="","",IF($Q18=0,"?",IF(AND(INDEX('합격 기준 수치표'!$J$6:$J$13,$Q18)="",INDEX('합격 기준 수치표'!$K$6:$K$13,$Q18)=""),"-",IF(K18="","N/A",IF(OR(AND(INDEX('합격 기준 수치표'!$J$6:$J$13,$Q18)<>"",K18<INDEX('합격 기준 수치표'!$J$6:$J$13,$Q18)),AND(INDEX('합격 기준 수치표'!$K$6:$K$13,$Q18)<>"",K18>INDEX('합격 기준 수치표'!$K$6:$K$13,$Q18))),"X","OK"))))) -> OK | W18: =IF($A18="","",IF($Q18=0,"?",IF(AND(INDEX('합격 기준 수치표'!$L$6:$L$13,$Q18)="",INDEX('합격 기준 수치표'!$M$6:$M$13,$Q18)=""),"-",IF(L18="","N/A",IF(OR(AND(INDEX('합격 기준 수치표'!$L$6:$L$13,$Q18)<>"",L18<INDEX('합격 기준 수치표'!$L$6:$L$13,$Q18)),AND(INDEX('합격 기준 수치표'!$M$6:$M$13,$Q18)<>"",L18>INDEX('합격 기준 수치표'!$M$6:$M$13,$Q18))),"X","OK"))))) -> - | X18: =IF($A18="","",IF($Q18=0,"?",IF(AND(INDEX('합격 기준 수치표'!$N$6:$N$13,$Q18)="",INDEX('합격 기준 수치표'!$O$6:$O$13,$Q18)=""),"-",IF(M18="","N/A",IF(OR(AND(INDEX('합격 기준 수치표'!$N$6:$N$13,$Q18)<>"",M18<INDEX('합격 기준 수치표'!$N$6:$N$13,$Q18)),AND(INDEX('합격 기준 수치표'!$O$6:$O$13,$Q18)<>"",M18>INDEX('합격 기준 수치표'!$O$6:$O$13,$Q18))),"X","OK"))))) -> - | Y18: =IF($A18="","",IF($Q18=0,"?",IF(AND(INDEX('합격 기준 수치표'!$P$6:$P$13,$Q18)="",INDEX('합격 기준 수치표'!$Q$6:$Q$13,$Q18)=""),"-",IF(N18="","N/A",IF(OR(AND(INDEX('합격 기준 수치표'!$P$6:$P$13,$Q18)<>"",N18<INDEX('합격 기준 수치표'!$P$6:$P$13,$Q18)),AND(INDEX('합격 기준 수치표'!$Q$6:$Q$13,$Q18)<>"",N18>INDEX('합격 기준 수치표'!$Q$6:$Q$13,$Q18))),"X","OK"))))) -> OK | Z18: =IF($A18="","",COUNTIF($S18:$Y18,"X")+IF($R18="X",1,0)) -> 0 | AA18: =IF($A18="","",IF($Q18=0,"자세명 확인",IF($Z18=0,"PASS","FAIL"))) -> PASS
A19: junseo_cross_leg_right_1.csv | B19: junseo | C19: cross_leg_right | D19: 1 | E19: 1246 | F19: 20 | G19: 62.3 | H19: 15639 | I19: 4179 | J19: 40.7 | K19: 43.5 | L19: 43.6 | M19: 0 | N19: 13 | O19: 0.2 | P19: 0 | Q19: =IF($A19="","",IFERROR(MATCH($C19,'합격 기준 수치표'!$B$6:$B$13,0),0)) -> 4 | R19: =IF($A19="","",IF(AND(E19>='합격 기준 수치표'!$D$17,F19>='합격 기준 수치표'!$D$18,F19<='합격 기준 수치표'!$D$19,G19>='합격 기준 수치표'!$D$20,G19<='합격 기준 수치표'!$D$21,P19<='합격 기준 수치표'!$D$23,OR(H19<='합격 기준 수치표'!$D$24,O19="",O19<='합격 기준 수치표'!$D$22)),"OK","X")) -> OK | S19: =IF($A19="","",IF($Q19=0,"?",IF(AND(INDEX('합격 기준 수치표'!$D$6:$D$13,$Q19)="",INDEX('합격 기준 수치표'!$E$6:$E$13,$Q19)=""),"-",IF(H19="","N/A",IF(OR(AND(INDEX('합격 기준 수치표'!$D$6:$D$13,$Q19)<>"",H19<INDEX('합격 기준 수치표'!$D$6:$D$13,$Q19)),AND(INDEX('합격 기준 수치표'!$E$6:$E$13,$Q19)<>"",H19>INDEX('합격 기준 수치표'!$E$6:$E$13,$Q19))),"X","OK"))))) -> OK | T19: =IF($A19="","",IF($Q19=0,"?",IF(AND(INDEX('합격 기준 수치표'!$F$6:$F$13,$Q19)="",INDEX('합격 기준 수치표'!$G$6:$G$13,$Q19)=""),"-",IF(I19="","N/A",IF(OR(AND(INDEX('합격 기준 수치표'!$F$6:$F$13,$Q19)<>"",I19<INDEX('합격 기준 수치표'!$F$6:$F$13,$Q19)),AND(INDEX('합격 기준 수치표'!$G$6:$G$13,$Q19)<>"",I19>INDEX('합격 기준 수치표'!$G$6:$G$13,$Q19))),"X","OK"))))) -> OK | U19: =IF($A19="","",IF($Q19=0,"?",IF(AND(INDEX('합격 기준 수치표'!$H$6:$H$13,$Q19)="",INDEX('합격 기준 수치표'!$I$6:$I$13,$Q19)=""),"-",IF(J19="","N/A",IF(OR(AND(INDEX('합격 기준 수치표'!$H$6:$H$13,$Q19)<>"",J19<INDEX('합격 기준 수치표'!$H$6:$H$13,$Q19)),AND(INDEX('합격 기준 수치표'!$I$6:$I$13,$Q19)<>"",J19>INDEX('합격 기준 수치표'!$I$6:$I$13,$Q19))),"X","OK"))))) -> - | V19: =IF($A19="","",IF($Q19=0,"?",IF(AND(INDEX('합격 기준 수치표'!$J$6:$J$13,$Q19)="",INDEX('합격 기준 수치표'!$K$6:$K$13,$Q19)=""),"-",IF(K19="","N/A",IF(OR(AND(INDEX('합격 기준 수치표'!$J$6:$J$13,$Q19)<>"",K19<INDEX('합격 기준 수치표'!$J$6:$J$13,$Q19)),AND(INDEX('합격 기준 수치표'!$K$6:$K$13,$Q19)<>"",K19>INDEX('합격 기준 수치표'!$K$6:$K$13,$Q19))),"X","OK"))))) -> OK | W19: =IF($A19="","",IF($Q19=0,"?",IF(AND(INDEX('합격 기준 수치표'!$L$6:$L$13,$Q19)="",INDEX('합격 기준 수치표'!$M$6:$M$13,$Q19)=""),"-",IF(L19="","N/A",IF(OR(AND(INDEX('합격 기준 수치표'!$L$6:$L$13,$Q19)<>"",L19<INDEX('합격 기준 수치표'!$L$6:$L$13,$Q19)),AND(INDEX('합격 기준 수치표'!$M$6:$M$13,$Q19)<>"",L19>INDEX('합격 기준 수치표'!$M$6:$M$13,$Q19))),"X","OK"))))) -> - | X19: =IF($A19="","",IF($Q19=0,"?",IF(AND(INDEX('합격 기준 수치표'!$N$6:$N$13,$Q19)="",INDEX('합격 기준 수치표'!$O$6:$O$13,$Q19)=""),"-",IF(M19="","N/A",IF(OR(AND(INDEX('합격 기준 수치표'!$N$6:$N$13,$Q19)<>"",M19<INDEX('합격 기준 수치표'!$N$6:$N$13,$Q19)),AND(INDEX('합격 기준 수치표'!$O$6:$O$13,$Q19)<>"",M19>INDEX('합격 기준 수치표'!$O$6:$O$13,$Q19))),"X","OK"))))) -> - | Y19: =IF($A19="","",IF($Q19=0,"?",IF(AND(INDEX('합격 기준 수치표'!$P$6:$P$13,$Q19)="",INDEX('합격 기준 수치표'!$Q$6:$Q$13,$Q19)=""),"-",IF(N19="","N/A",IF(OR(AND(INDEX('합격 기준 수치표'!$P$6:$P$13,$Q19)<>"",N19<INDEX('합격 기준 수치표'!$P$6:$P$13,$Q19)),AND(INDEX('합격 기준 수치표'!$Q$6:$Q$13,$Q19)<>"",N19>INDEX('합격 기준 수치표'!$Q$6:$Q$13,$Q19))),"X","OK"))))) -> OK | Z19: =IF($A19="","",COUNTIF($S19:$Y19,"X")+IF($R19="X",1,0)) -> 0 | AA19: =IF($A19="","",IF($Q19=0,"자세명 확인",IF($Z19=0,"PASS","FAIL"))) -> PASS
A20: junseo_lean_forward_1.csv | B20: junseo | C20: lean_forward | D20: 1 | E20: 1245 | F20: 20 | G20: 62.3 | H20: 12234 | I20: 0 | J20: 18.2 | K20: 52.6 | N20: 0 | O20: 0.7 | P20: 0 | Q20: =IF($A20="","",IFERROR(MATCH($C20,'합격 기준 수치표'!$B$6:$B$13,0),0)) -> 3 | R20: =IF($A20="","",IF(AND(E20>='합격 기준 수치표'!$D$17,F20>='합격 기준 수치표'!$D$18,F20<='합격 기준 수치표'!$D$19,G20>='합격 기준 수치표'!$D$20,G20<='합격 기준 수치표'!$D$21,P20<='합격 기준 수치표'!$D$23,OR(H20<='합격 기준 수치표'!$D$24,O20="",O20<='합격 기준 수치표'!$D$22)),"OK","X")) -> OK | S20: =IF($A20="","",IF($Q20=0,"?",IF(AND(INDEX('합격 기준 수치표'!$D$6:$D$13,$Q20)="",INDEX('합격 기준 수치표'!$E$6:$E$13,$Q20)=""),"-",IF(H20="","N/A",IF(OR(AND(INDEX('합격 기준 수치표'!$D$6:$D$13,$Q20)<>"",H20<INDEX('합격 기준 수치표'!$D$6:$D$13,$Q20)),AND(INDEX('합격 기준 수치표'!$E$6:$E$13,$Q20)<>"",H20>INDEX('합격 기준 수치표'!$E$6:$E$13,$Q20))),"X","OK"))))) -> OK | T20: =IF($A20="","",IF($Q20=0,"?",IF(AND(INDEX('합격 기준 수치표'!$F$6:$F$13,$Q20)="",INDEX('합격 기준 수치표'!$G$6:$G$13,$Q20)=""),"-",IF(I20="","N/A",IF(OR(AND(INDEX('합격 기준 수치표'!$F$6:$F$13,$Q20)<>"",I20<INDEX('합격 기준 수치표'!$F$6:$F$13,$Q20)),AND(INDEX('합격 기준 수치표'!$G$6:$G$13,$Q20)<>"",I20>INDEX('합격 기준 수치표'!$G$6:$G$13,$Q20))),"X","OK"))))) -> OK | U20: =IF($A20="","",IF($Q20=0,"?",IF(AND(INDEX('합격 기준 수치표'!$H$6:$H$13,$Q20)="",INDEX('합격 기준 수치표'!$I$6:$I$13,$Q20)=""),"-",IF(J20="","N/A",IF(OR(AND(INDEX('합격 기준 수치표'!$H$6:$H$13,$Q20)<>"",J20<INDEX('합격 기준 수치표'!$H$6:$H$13,$Q20)),AND(INDEX('합격 기준 수치표'!$I$6:$I$13,$Q20)<>"",J20>INDEX('합격 기준 수치표'!$I$6:$I$13,$Q20))),"X","OK"))))) -> OK | V20: =IF($A20="","",IF($Q20=0,"?",IF(AND(INDEX('합격 기준 수치표'!$J$6:$J$13,$Q20)="",INDEX('합격 기준 수치표'!$K$6:$K$13,$Q20)=""),"-",IF(K20="","N/A",IF(OR(AND(INDEX('합격 기준 수치표'!$J$6:$J$13,$Q20)<>"",K20<INDEX('합격 기준 수치표'!$J$6:$J$13,$Q20)),AND(INDEX('합격 기준 수치표'!$K$6:$K$13,$Q20)<>"",K20>INDEX('합격 기준 수치표'!$K$6:$K$13,$Q20))),"X","OK"))))) -> OK | W20: =IF($A20="","",IF($Q20=0,"?",IF(AND(INDEX('합격 기준 수치표'!$L$6:$L$13,$Q20)="",INDEX('합격 기준 수치표'!$M$6:$M$13,$Q20)=""),"-",IF(L20="","N/A",IF(OR(AND(INDEX('합격 기준 수치표'!$L$6:$L$13,$Q20)<>"",L20<INDEX('합격 기준 수치표'!$L$6:$L$13,$Q20)),AND(INDEX('합격 기준 수치표'!$M$6:$M$13,$Q20)<>"",L20>INDEX('합격 기준 수치표'!$M$6:$M$13,$Q20))),"X","OK"))))) -> - | X20: =IF($A20="","",IF($Q20=0,"?",IF(AND(INDEX('합격 기준 수치표'!$N$6:$N$13,$Q20)="",INDEX('합격 기준 수치표'!$O$6:$O$13,$Q20)=""),"-",IF(M20="","N/A",IF(OR(AND(INDEX('합격 기준 수치표'!$N$6:$N$13,$Q20)<>"",M20<INDEX('합격 기준 수치표'!$N$6:$N$13,$Q20)),AND(INDEX('합격 기준 수치표'!$O$6:$O$13,$Q20)<>"",M20>INDEX('합격 기준 수치표'!$O$6:$O$13,$Q20))),"X","OK"))))) -> - | Y20: =IF($A20="","",IF($Q20=0,"?",IF(AND(INDEX('합격 기준 수치표'!$P$6:$P$13,$Q20)="",INDEX('합격 기준 수치표'!$Q$6:$Q$13,$Q20)=""),"-",IF(N20="","N/A",IF(OR(AND(INDEX('합격 기준 수치표'!$P$6:$P$13,$Q20)<>"",N20<INDEX('합격 기준 수치표'!$P$6:$P$13,$Q20)),AND(INDEX('합격 기준 수치표'!$Q$6:$Q$13,$Q20)<>"",N20>INDEX('합격 기준 수치표'!$Q$6:$Q$13,$Q20))),"X","OK"))))) -> - | Z20: =IF($A20="","",COUNTIF($S20:$Y20,"X")+IF($R20="X",1,0)) -> 0 | AA20: =IF($A20="","",IF($Q20=0,"자세명 확인",IF($Z20=0,"PASS","FAIL"))) -> PASS
A21: junseo_lean_left_1.csv | B21: junseo | C21: lean_left | D21: 1 | E21: 1244 | F21: 20 | G21: 62.2 | H21: 12564 | I21: 5111 | J21: 28 | K21: 44.4 | L21: 10.8 | M21: 22.9 | N21: 14 | O21: 1.4 | P21: 0 | Q21: =IF($A21="","",IFERROR(MATCH($C21,'합격 기준 수치표'!$B$6:$B$13,0),0)) -> 7 | R21: =IF($A21="","",IF(AND(E21>='합격 기준 수치표'!$D$17,F21>='합격 기준 수치표'!$D$18,F21<='합격 기준 수치표'!$D$19,G21>='합격 기준 수치표'!$D$20,G21<='합격 기준 수치표'!$D$21,P21<='합격 기준 수치표'!$D$23,OR(H21<='합격 기준 수치표'!$D$24,O21="",O21<='합격 기준 수치표'!$D$22)),"OK","X")) -> OK | S21: =IF($A21="","",IF($Q21=0,"?",IF(AND(INDEX('합격 기준 수치표'!$D$6:$D$13,$Q21)="",INDEX('합격 기준 수치표'!$E$6:$E$13,$Q21)=""),"-",IF(H21="","N/A",IF(OR(AND(INDEX('합격 기준 수치표'!$D$6:$D$13,$Q21)<>"",H21<INDEX('합격 기준 수치표'!$D$6:$D$13,$Q21)),AND(INDEX('합격 기준 수치표'!$E$6:$E$13,$Q21)<>"",H21>INDEX('합격 기준 수치표'!$E$6:$E$13,$Q21))),"X","OK"))))) -> OK | T21: =IF($A21="","",IF($Q21=0,"?",IF(AND(INDEX('합격 기준 수치표'!$F$6:$F$13,$Q21)="",INDEX('합격 기준 수치표'!$G$6:$G$13,$Q21)=""),"-",IF(I21="","N/A",IF(OR(AND(INDEX('합격 기준 수치표'!$F$6:$F$13,$Q21)<>"",I21<INDEX('합격 기준 수치표'!$F$6:$F$13,$Q21)),AND(INDEX('합격 기준 수치표'!$G$6:$G$13,$Q21)<>"",I21>INDEX('합격 기준 수치표'!$G$6:$G$13,$Q21))),"X","OK"))))) -> OK | U21: =IF($A21="","",IF($Q21=0,"?",IF(AND(INDEX('합격 기준 수치표'!$H$6:$H$13,$Q21)="",INDEX('합격 기준 수치표'!$I$6:$I$13,$Q21)=""),"-",IF(J21="","N/A",IF(OR(AND(INDEX('합격 기준 수치표'!$H$6:$H$13,$Q21)<>"",J21<INDEX('합격 기준 수치표'!$H$6:$H$13,$Q21)),AND(INDEX('합격 기준 수치표'!$I$6:$I$13,$Q21)<>"",J21>INDEX('합격 기준 수치표'!$I$6:$I$13,$Q21))),"X","OK"))))) -> - | V21: =IF($A21="","",IF($Q21=0,"?",IF(AND(INDEX('합격 기준 수치표'!$J$6:$J$13,$Q21)="",INDEX('합격 기준 수치표'!$K$6:$K$13,$Q21)=""),"-",IF(K21="","N/A",IF(OR(AND(INDEX('합격 기준 수치표'!$J$6:$J$13,$Q21)<>"",K21<INDEX('합격 기준 수치표'!$J$6:$J$13,$Q21)),AND(INDEX('합격 기준 수치표'!$K$6:$K$13,$Q21)<>"",K21>INDEX('합격 기준 수치표'!$K$6:$K$13,$Q21))),"X","OK"))))) -> - | W21: =IF($A21="","",IF($Q21=0,"?",IF(AND(INDEX('합격 기준 수치표'!$L$6:$L$13,$Q21)="",INDEX('합격 기준 수치표'!$M$6:$M$13,$Q21)=""),"-",IF(L21="","N/A",IF(OR(AND(INDEX('합격 기준 수치표'!$L$6:$L$13,$Q21)<>"",L21<INDEX('합격 기준 수치표'!$L$6:$L$13,$Q21)),AND(INDEX('합격 기준 수치표'!$M$6:$M$13,$Q21)<>"",L21>INDEX('합격 기준 수치표'!$M$6:$M$13,$Q21))),"X","OK"))))) -> OK | X21: =IF($A21="","",IF($Q21=0,"?",IF(AND(INDEX('합격 기준 수치표'!$N$6:$N$13,$Q21)="",INDEX('합격 기준 수치표'!$O$6:$O$13,$Q21)=""),"-",IF(M21="","N/A",IF(OR(AND(INDEX('합격 기준 수치표'!$N$6:$N$13,$Q21)<>"",M21<INDEX('합격 기준 수치표'!$N$6:$N$13,$Q21)),AND(INDEX('합격 기준 수치표'!$O$6:$O$13,$Q21)<>"",M21>INDEX('합격 기준 수치표'!$O$6:$O$13,$Q21))),"X","OK"))))) -> - | Y21: =IF($A21="","",IF($Q21=0,"?",IF(AND(INDEX('합격 기준 수치표'!$P$6:$P$13,$Q21)="",INDEX('합격 기준 수치표'!$Q$6:$Q$13,$Q21)=""),"-",IF(N21="","N/A",IF(OR(AND(INDEX('합격 기준 수치표'!$P$6:$P$13,$Q21)<>"",N21<INDEX('합격 기준 수치표'!$P$6:$P$13,$Q21)),AND(INDEX('합격 기준 수치표'!$Q$6:$Q$13,$Q21)<>"",N21>INDEX('합격 기준 수치표'!$Q$6:$Q$13,$Q21))),"X","OK"))))) -> OK | Z21: =IF($A21="","",COUNTIF($S21:$Y21,"X")+IF($R21="X",1,0)) -> 0 | AA21: =IF($A21="","",IF($Q21=0,"자세명 확인",IF($Z21=0,"PASS","FAIL"))) -> PASS
A22: junseo_lean_right_1.csv | B22: junseo | C22: lean_right | D22: 1 | E22: 1245 | F22: 20 | G22: 62.3 | H22: 13716 | I22: 4438 | J22: 29.9 | K22: 68.4 | L22: 100 | M22: 34.9 | N22: 11 | O22: 1.1 | P22: 0 | Q22: =IF($A22="","",IFERROR(MATCH($C22,'합격 기준 수치표'!$B$6:$B$13,0),0)) -> 6 | R22: =IF($A22="","",IF(AND(E22>='합격 기준 수치표'!$D$17,F22>='합격 기준 수치표'!$D$18,F22<='합격 기준 수치표'!$D$19,G22>='합격 기준 수치표'!$D$20,G22<='합격 기준 수치표'!$D$21,P22<='합격 기준 수치표'!$D$23,OR(H22<='합격 기준 수치표'!$D$24,O22="",O22<='합격 기준 수치표'!$D$22)),"OK","X")) -> OK | S22: =IF($A22="","",IF($Q22=0,"?",IF(AND(INDEX('합격 기준 수치표'!$D$6:$D$13,$Q22)="",INDEX('합격 기준 수치표'!$E$6:$E$13,$Q22)=""),"-",IF(H22="","N/A",IF(OR(AND(INDEX('합격 기준 수치표'!$D$6:$D$13,$Q22)<>"",H22<INDEX('합격 기준 수치표'!$D$6:$D$13,$Q22)),AND(INDEX('합격 기준 수치표'!$E$6:$E$13,$Q22)<>"",H22>INDEX('합격 기준 수치표'!$E$6:$E$13,$Q22))),"X","OK"))))) -> OK | T22: =IF($A22="","",IF($Q22=0,"?",IF(AND(INDEX('합격 기준 수치표'!$F$6:$F$13,$Q22)="",INDEX('합격 기준 수치표'!$G$6:$G$13,$Q22)=""),"-",IF(I22="","N/A",IF(OR(AND(INDEX('합격 기준 수치표'!$F$6:$F$13,$Q22)<>"",I22<INDEX('합격 기준 수치표'!$F$6:$F$13,$Q22)),AND(INDEX('합격 기준 수치표'!$G$6:$G$13,$Q22)<>"",I22>INDEX('합격 기준 수치표'!$G$6:$G$13,$Q22))),"X","OK"))))) -> OK | U22: =IF($A22="","",IF($Q22=0,"?",IF(AND(INDEX('합격 기준 수치표'!$H$6:$H$13,$Q22)="",INDEX('합격 기준 수치표'!$I$6:$I$13,$Q22)=""),"-",IF(J22="","N/A",IF(OR(AND(INDEX('합격 기준 수치표'!$H$6:$H$13,$Q22)<>"",J22<INDEX('합격 기준 수치표'!$H$6:$H$13,$Q22)),AND(INDEX('합격 기준 수치표'!$I$6:$I$13,$Q22)<>"",J22>INDEX('합격 기준 수치표'!$I$6:$I$13,$Q22))),"X","OK"))))) -> - | V22: =IF($A22="","",IF($Q22=0,"?",IF(AND(INDEX('합격 기준 수치표'!$J$6:$J$13,$Q22)="",INDEX('합격 기준 수치표'!$K$6:$K$13,$Q22)=""),"-",IF(K22="","N/A",IF(OR(AND(INDEX('합격 기준 수치표'!$J$6:$J$13,$Q22)<>"",K22<INDEX('합격 기준 수치표'!$J$6:$J$13,$Q22)),AND(INDEX('합격 기준 수치표'!$K$6:$K$13,$Q22)<>"",K22>INDEX('합격 기준 수치표'!$K$6:$K$13,$Q22))),"X","OK"))))) -> OK | W22: =IF($A22="","",IF($Q22=0,"?",IF(AND(INDEX('합격 기준 수치표'!$L$6:$L$13,$Q22)="",INDEX('합격 기준 수치표'!$M$6:$M$13,$Q22)=""),"-",IF(L22="","N/A",IF(OR(AND(INDEX('합격 기준 수치표'!$L$6:$L$13,$Q22)<>"",L22<INDEX('합격 기준 수치표'!$L$6:$L$13,$Q22)),AND(INDEX('합격 기준 수치표'!$M$6:$M$13,$Q22)<>"",L22>INDEX('합격 기준 수치표'!$M$6:$M$13,$Q22))),"X","OK"))))) -> OK | X22: =IF($A22="","",IF($Q22=0,"?",IF(AND(INDEX('합격 기준 수치표'!$N$6:$N$13,$Q22)="",INDEX('합격 기준 수치표'!$O$6:$O$13,$Q22)=""),"-",IF(M22="","N/A",IF(OR(AND(INDEX('합격 기준 수치표'!$N$6:$N$13,$Q22)<>"",M22<INDEX('합격 기준 수치표'!$N$6:$N$13,$Q22)),AND(INDEX('합격 기준 수치표'!$O$6:$O$13,$Q22)<>"",M22>INDEX('합격 기준 수치표'!$O$6:$O$13,$Q22))),"X","OK"))))) -> - | Y22: =IF($A22="","",IF($Q22=0,"?",IF(AND(INDEX('합격 기준 수치표'!$P$6:$P$13,$Q22)="",INDEX('합격 기준 수치표'!$Q$6:$Q$13,$Q22)=""),"-",IF(N22="","N/A",IF(OR(AND(INDEX('합격 기준 수치표'!$P$6:$P$13,$Q22)<>"",N22<INDEX('합격 기준 수치표'!$P$6:$P$13,$Q22)),AND(INDEX('합격 기준 수치표'!$Q$6:$Q$13,$Q22)<>"",N22>INDEX('합격 기준 수치표'!$Q$6:$Q$13,$Q22))),"X","OK"))))) -> OK | Z22: =IF($A22="","",COUNTIF($S22:$Y22,"X")+IF($R22="X",1,0)) -> 0 | AA22: =IF($A22="","",IF($Q22=0,"자세명 확인",IF($Z22=0,"PASS","FAIL"))) -> PASS
A23: junseo_not_sitting_1.csv | B23: junseo | C23: not_sitting | D23: 1 | E23: 1245 | F23: 20 | G23: 62.3 | H23: 0 | I23: 0 | N23: 0 | P23: 0 | Q23: =IF($A23="","",IFERROR(MATCH($C23,'합격 기준 수치표'!$B$6:$B$13,0),0)) -> 1 | R23: =IF($A23="","",IF(AND(E23>='합격 기준 수치표'!$D$17,F23>='합격 기준 수치표'!$D$18,F23<='합격 기준 수치표'!$D$19,G23>='합격 기준 수치표'!$D$20,G23<='합격 기준 수치표'!$D$21,P23<='합격 기준 수치표'!$D$23,OR(H23<='합격 기준 수치표'!$D$24,O23="",O23<='합격 기준 수치표'!$D$22)),"OK","X")) -> OK | S23: =IF($A23="","",IF($Q23=0,"?",IF(AND(INDEX('합격 기준 수치표'!$D$6:$D$13,$Q23)="",INDEX('합격 기준 수치표'!$E$6:$E$13,$Q23)=""),"-",IF(H23="","N/A",IF(OR(AND(INDEX('합격 기준 수치표'!$D$6:$D$13,$Q23)<>"",H23<INDEX('합격 기준 수치표'!$D$6:$D$13,$Q23)),AND(INDEX('합격 기준 수치표'!$E$6:$E$13,$Q23)<>"",H23>INDEX('합격 기준 수치표'!$E$6:$E$13,$Q23))),"X","OK"))))) -> OK | T23: =IF($A23="","",IF($Q23=0,"?",IF(AND(INDEX('합격 기준 수치표'!$F$6:$F$13,$Q23)="",INDEX('합격 기준 수치표'!$G$6:$G$13,$Q23)=""),"-",IF(I23="","N/A",IF(OR(AND(INDEX('합격 기준 수치표'!$F$6:$F$13,$Q23)<>"",I23<INDEX('합격 기준 수치표'!$F$6:$F$13,$Q23)),AND(INDEX('합격 기준 수치표'!$G$6:$G$13,$Q23)<>"",I23>INDEX('합격 기준 수치표'!$G$6:$G$13,$Q23))),"X","OK"))))) -> OK | U23: =IF($A23="","",IF($Q23=0,"?",IF(AND(INDEX('합격 기준 수치표'!$H$6:$H$13,$Q23)="",INDEX('합격 기준 수치표'!$I$6:$I$13,$Q23)=""),"-",IF(J23="","N/A",IF(OR(AND(INDEX('합격 기준 수치표'!$H$6:$H$13,$Q23)<>"",J23<INDEX('합격 기준 수치표'!$H$6:$H$13,$Q23)),AND(INDEX('합격 기준 수치표'!$I$6:$I$13,$Q23)<>"",J23>INDEX('합격 기준 수치표'!$I$6:$I$13,$Q23))),"X","OK"))))) -> - | V23: =IF($A23="","",IF($Q23=0,"?",IF(AND(INDEX('합격 기준 수치표'!$J$6:$J$13,$Q23)="",INDEX('합격 기준 수치표'!$K$6:$K$13,$Q23)=""),"-",IF(K23="","N/A",IF(OR(AND(INDEX('합격 기준 수치표'!$J$6:$J$13,$Q23)<>"",K23<INDEX('합격 기준 수치표'!$J$6:$J$13,$Q23)),AND(INDEX('합격 기준 수치표'!$K$6:$K$13,$Q23)<>"",K23>INDEX('합격 기준 수치표'!$K$6:$K$13,$Q23))),"X","OK"))))) -> - | W23: =IF($A23="","",IF($Q23=0,"?",IF(AND(INDEX('합격 기준 수치표'!$L$6:$L$13,$Q23)="",INDEX('합격 기준 수치표'!$M$6:$M$13,$Q23)=""),"-",IF(L23="","N/A",IF(OR(AND(INDEX('합격 기준 수치표'!$L$6:$L$13,$Q23)<>"",L23<INDEX('합격 기준 수치표'!$L$6:$L$13,$Q23)),AND(INDEX('합격 기준 수치표'!$M$6:$M$13,$Q23)<>"",L23>INDEX('합격 기준 수치표'!$M$6:$M$13,$Q23))),"X","OK"))))) -> - | X23: =IF($A23="","",IF($Q23=0,"?",IF(AND(INDEX('합격 기준 수치표'!$N$6:$N$13,$Q23)="",INDEX('합격 기준 수치표'!$O$6:$O$13,$Q23)=""),"-",IF(M23="","N/A",IF(OR(AND(INDEX('합격 기준 수치표'!$N$6:$N$13,$Q23)<>"",M23<INDEX('합격 기준 수치표'!$N$6:$N$13,$Q23)),AND(INDEX('합격 기준 수치표'!$O$6:$O$13,$Q23)<>"",M23>INDEX('합격 기준 수치표'!$O$6:$O$13,$Q23))),"X","OK"))))) -> - | Y23: =IF($A23="","",IF($Q23=0,"?",IF(AND(INDEX('합격 기준 수치표'!$P$6:$P$13,$Q23)="",INDEX('합격 기준 수치표'!$Q$6:$Q$13,$Q23)=""),"-",IF(N23="","N/A",IF(OR(AND(INDEX('합격 기준 수치표'!$P$6:$P$13,$Q23)<>"",N23<INDEX('합격 기준 수치표'!$P$6:$P$13,$Q23)),AND(INDEX('합격 기준 수치표'!$Q$6:$Q$13,$Q23)<>"",N23>INDEX('합격 기준 수치표'!$Q$6:$Q$13,$Q23))),"X","OK"))))) -> - | Z23: =IF($A23="","",COUNTIF($S23:$Y23,"X")+IF($R23="X",1,0)) -> 0 | AA23: =IF($A23="","",IF($Q23=0,"자세명 확인",IF($Z23=0,"PASS","FAIL"))) -> PASS
A24: junseo_sitting_straight_2.csv | B24: junseo | C24: sitting_straight | D24: 2 | E24: 1244 | F24: 20 | G24: 62.2 | H24: 15766 | I24: 1471 | J24: 34.3 | K24: 49.1 | L24: 100 | M24: 0 | N24: 6 | O24: 0.2 | P24: 0 | Q24: =IF($A24="","",IFERROR(MATCH($C24,'합격 기준 수치표'!$B$6:$B$13,0),0)) -> 2 | R24: =IF($A24="","",IF(AND(E24>='합격 기준 수치표'!$D$17,F24>='합격 기준 수치표'!$D$18,F24<='합격 기준 수치표'!$D$19,G24>='합격 기준 수치표'!$D$20,G24<='합격 기준 수치표'!$D$21,P24<='합격 기준 수치표'!$D$23,OR(H24<='합격 기준 수치표'!$D$24,O24="",O24<='합격 기준 수치표'!$D$22)),"OK","X")) -> OK | S24: =IF($A24="","",IF($Q24=0,"?",IF(AND(INDEX('합격 기준 수치표'!$D$6:$D$13,$Q24)="",INDEX('합격 기준 수치표'!$E$6:$E$13,$Q24)=""),"-",IF(H24="","N/A",IF(OR(AND(INDEX('합격 기준 수치표'!$D$6:$D$13,$Q24)<>"",H24<INDEX('합격 기준 수치표'!$D$6:$D$13,$Q24)),AND(INDEX('합격 기준 수치표'!$E$6:$E$13,$Q24)<>"",H24>INDEX('합격 기준 수치표'!$E$6:$E$13,$Q24))),"X","OK"))))) -> OK | T24: =IF($A24="","",IF($Q24=0,"?",IF(AND(INDEX('합격 기준 수치표'!$F$6:$F$13,$Q24)="",INDEX('합격 기준 수치표'!$G$6:$G$13,$Q24)=""),"-",IF(I24="","N/A",IF(OR(AND(INDEX('합격 기준 수치표'!$F$6:$F$13,$Q24)<>"",I24<INDEX('합격 기준 수치표'!$F$6:$F$13,$Q24)),AND(INDEX('합격 기준 수치표'!$G$6:$G$13,$Q24)<>"",I24>INDEX('합격 기준 수치표'!$G$6:$G$13,$Q24))),"X","OK"))))) -> OK | U24: =IF($A24="","",IF($Q24=0,"?",IF(AND(INDEX('합격 기준 수치표'!$H$6:$H$13,$Q24)="",INDEX('합격 기준 수치표'!$I$6:$I$13,$Q24)=""),"-",IF(J24="","N/A",IF(OR(AND(INDEX('합격 기준 수치표'!$H$6:$H$13,$Q24)<>"",J24<INDEX('합격 기준 수치표'!$H$6:$H$13,$Q24)),AND(INDEX('합격 기준 수치표'!$I$6:$I$13,$Q24)<>"",J24>INDEX('합격 기준 수치표'!$I$6:$I$13,$Q24))),"X","OK"))))) -> - | V24: =IF($A24="","",IF($Q24=0,"?",IF(AND(INDEX('합격 기준 수치표'!$J$6:$J$13,$Q24)="",INDEX('합격 기준 수치표'!$K$6:$K$13,$Q24)=""),"-",IF(K24="","N/A",IF(OR(AND(INDEX('합격 기준 수치표'!$J$6:$J$13,$Q24)<>"",K24<INDEX('합격 기준 수치표'!$J$6:$J$13,$Q24)),AND(INDEX('합격 기준 수치표'!$K$6:$K$13,$Q24)<>"",K24>INDEX('합격 기준 수치표'!$K$6:$K$13,$Q24))),"X","OK"))))) -> OK | W24: =IF($A24="","",IF($Q24=0,"?",IF(AND(INDEX('합격 기준 수치표'!$L$6:$L$13,$Q24)="",INDEX('합격 기준 수치표'!$M$6:$M$13,$Q24)=""),"-",IF(L24="","N/A",IF(OR(AND(INDEX('합격 기준 수치표'!$L$6:$L$13,$Q24)<>"",L24<INDEX('합격 기준 수치표'!$L$6:$L$13,$Q24)),AND(INDEX('합격 기준 수치표'!$M$6:$M$13,$Q24)<>"",L24>INDEX('합격 기준 수치표'!$M$6:$M$13,$Q24))),"X","OK"))))) -> - | X24: =IF($A24="","",IF($Q24=0,"?",IF(AND(INDEX('합격 기준 수치표'!$N$6:$N$13,$Q24)="",INDEX('합격 기준 수치표'!$O$6:$O$13,$Q24)=""),"-",IF(M24="","N/A",IF(OR(AND(INDEX('합격 기준 수치표'!$N$6:$N$13,$Q24)<>"",M24<INDEX('합격 기준 수치표'!$N$6:$N$13,$Q24)),AND(INDEX('합격 기준 수치표'!$O$6:$O$13,$Q24)<>"",M24>INDEX('합격 기준 수치표'!$O$6:$O$13,$Q24))),"X","OK"))))) -> - | Y24: =IF($A24="","",IF($Q24=0,"?",IF(AND(INDEX('합격 기준 수치표'!$P$6:$P$13,$Q24)="",INDEX('합격 기준 수치표'!$Q$6:$Q$13,$Q24)=""),"-",IF(N24="","N/A",IF(OR(AND(INDEX('합격 기준 수치표'!$P$6:$P$13,$Q24)<>"",N24<INDEX('합격 기준 수치표'!$P$6:$P$13,$Q24)),AND(INDEX('합격 기준 수치표'!$Q$6:$Q$13,$Q24)<>"",N24>INDEX('합격 기준 수치표'!$Q$6:$Q$13,$Q24))),"X","OK"))))) -> OK | Z24: =IF($A24="","",COUNTIF($S24:$Y24,"X")+IF($R24="X",1,0)) -> 0 | AA24: =IF($A24="","",IF($Q24=0,"자세명 확인",IF($Z24=0,"PASS","FAIL"))) -> PASS
A25: junseo_turtle_neck_2.csv | B25: junseo | C25: turtle_neck | D25: 2 | E25: 1246 | F25: 20 | G25: 62.3 | H25: 14676 | I25: 7 | J25: 35.7 | K25: 50.6 | N25: 0 | O25: 0.6 | P25: 0 | Q25: =IF($A25="","",IFERROR(MATCH($C25,'합격 기준 수치표'!$B$6:$B$13,0),0)) -> 8 | R25: =IF($A25="","",IF(AND(E25>='합격 기준 수치표'!$D$17,F25>='합격 기준 수치표'!$D$18,F25<='합격 기준 수치표'!$D$19,G25>='합격 기준 수치표'!$D$20,G25<='합격 기준 수치표'!$D$21,P25<='합격 기준 수치표'!$D$23,OR(H25<='합격 기준 수치표'!$D$24,O25="",O25<='합격 기준 수치표'!$D$22)),"OK","X")) -> OK | S25: =IF($A25="","",IF($Q25=0,"?",IF(AND(INDEX('합격 기준 수치표'!$D$6:$D$13,$Q25)="",INDEX('합격 기준 수치표'!$E$6:$E$13,$Q25)=""),"-",IF(H25="","N/A",IF(OR(AND(INDEX('합격 기준 수치표'!$D$6:$D$13,$Q25)<>"",H25<INDEX('합격 기준 수치표'!$D$6:$D$13,$Q25)),AND(INDEX('합격 기준 수치표'!$E$6:$E$13,$Q25)<>"",H25>INDEX('합격 기준 수치표'!$E$6:$E$13,$Q25))),"X","OK"))))) -> OK | T25: =IF($A25="","",IF($Q25=0,"?",IF(AND(INDEX('합격 기준 수치표'!$F$6:$F$13,$Q25)="",INDEX('합격 기준 수치표'!$G$6:$G$13,$Q25)=""),"-",IF(I25="","N/A",IF(OR(AND(INDEX('합격 기준 수치표'!$F$6:$F$13,$Q25)<>"",I25<INDEX('합격 기준 수치표'!$F$6:$F$13,$Q25)),AND(INDEX('합격 기준 수치표'!$G$6:$G$13,$Q25)<>"",I25>INDEX('합격 기준 수치표'!$G$6:$G$13,$Q25))),"X","OK"))))) -> X | U25: =IF($A25="","",IF($Q25=0,"?",IF(AND(INDEX('합격 기준 수치표'!$H$6:$H$13,$Q25)="",INDEX('합격 기준 수치표'!$I$6:$I$13,$Q25)=""),"-",IF(J25="","N/A",IF(OR(AND(INDEX('합격 기준 수치표'!$H$6:$H$13,$Q25)<>"",J25<INDEX('합격 기준 수치표'!$H$6:$H$13,$Q25)),AND(INDEX('합격 기준 수치표'!$I$6:$I$13,$Q25)<>"",J25>INDEX('합격 기준 수치표'!$I$6:$I$13,$Q25))),"X","OK"))))) -> - | V25: =IF($A25="","",IF($Q25=0,"?",IF(AND(INDEX('합격 기준 수치표'!$J$6:$J$13,$Q25)="",INDEX('합격 기준 수치표'!$K$6:$K$13,$Q25)=""),"-",IF(K25="","N/A",IF(OR(AND(INDEX('합격 기준 수치표'!$J$6:$J$13,$Q25)<>"",K25<INDEX('합격 기준 수치표'!$J$6:$J$13,$Q25)),AND(INDEX('합격 기준 수치표'!$K$6:$K$13,$Q25)<>"",K25>INDEX('합격 기준 수치표'!$K$6:$K$13,$Q25))),"X","OK"))))) -> OK | W25: =IF($A25="","",IF($Q25=0,"?",IF(AND(INDEX('합격 기준 수치표'!$L$6:$L$13,$Q25)="",INDEX('합격 기준 수치표'!$M$6:$M$13,$Q25)=""),"-",IF(L25="","N/A",IF(OR(AND(INDEX('합격 기준 수치표'!$L$6:$L$13,$Q25)<>"",L25<INDEX('합격 기준 수치표'!$L$6:$L$13,$Q25)),AND(INDEX('합격 기준 수치표'!$M$6:$M$13,$Q25)<>"",L25>INDEX('합격 기준 수치표'!$M$6:$M$13,$Q25))),"X","OK"))))) -> - | X25: =IF($A25="","",IF($Q25=0,"?",IF(AND(INDEX('합격 기준 수치표'!$N$6:$N$13,$Q25)="",INDEX('합격 기준 수치표'!$O$6:$O$13,$Q25)=""),"-",IF(M25="","N/A",IF(OR(AND(INDEX('합격 기준 수치표'!$N$6:$N$13,$Q25)<>"",M25<INDEX('합격 기준 수치표'!$N$6:$N$13,$Q25)),AND(INDEX('합격 기준 수치표'!$O$6:$O$13,$Q25)<>"",M25>INDEX('합격 기준 수치표'!$O$6:$O$13,$Q25))),"X","OK"))))) -> N/A | Y25: =IF($A25="","",IF($Q25=0,"?",IF(AND(INDEX('합격 기준 수치표'!$P$6:$P$13,$Q25)="",INDEX('합격 기준 수치표'!$Q$6:$Q$13,$Q25)=""),"-",IF(N25="","N/A",IF(OR(AND(INDEX('합격 기준 수치표'!$P$6:$P$13,$Q25)<>"",N25<INDEX('합격 기준 수치표'!$P$6:$P$13,$Q25)),AND(INDEX('합격 기준 수치표'!$Q$6:$Q$13,$Q25)<>"",N25>INDEX('합격 기준 수치표'!$Q$6:$Q$13,$Q25))),"X","OK"))))) -> X | Z25: =IF($A25="","",COUNTIF($S25:$Y25,"X")+IF($R25="X",1,0)) -> 2 | AA25: =IF($A25="","",IF($Q25=0,"자세명 확인",IF($Z25=0,"PASS","FAIL"))) -> FAIL
A26: yewon_cross_leg_left_1.csv | B26: yewon | C26: cross_leg_left | D26: 1 | E26: 1246 | F26: 20 | G26: 62.3 | H26: 13092 | I26: 2644 | J26: 36.3 | K26: 65.6 | L26: 78.2 | M26: 13.8 | N26: 13 | O26: 2.4 | P26: 0 | Q26: =IF($A26="","",IFERROR(MATCH($C26,'합격 기준 수치표'!$B$6:$B$13,0),0)) -> 5 | R26: =IF($A26="","",IF(AND(E26>='합격 기준 수치표'!$D$17,F26>='합격 기준 수치표'!$D$18,F26<='합격 기준 수치표'!$D$19,G26>='합격 기준 수치표'!$D$20,G26<='합격 기준 수치표'!$D$21,P26<='합격 기준 수치표'!$D$23,OR(H26<='합격 기준 수치표'!$D$24,O26="",O26<='합격 기준 수치표'!$D$22)),"OK","X")) -> OK | S26: =IF($A26="","",IF($Q26=0,"?",IF(AND(INDEX('합격 기준 수치표'!$D$6:$D$13,$Q26)="",INDEX('합격 기준 수치표'!$E$6:$E$13,$Q26)=""),"-",IF(H26="","N/A",IF(OR(AND(INDEX('합격 기준 수치표'!$D$6:$D$13,$Q26)<>"",H26<INDEX('합격 기준 수치표'!$D$6:$D$13,$Q26)),AND(INDEX('합격 기준 수치표'!$E$6:$E$13,$Q26)<>"",H26>INDEX('합격 기준 수치표'!$E$6:$E$13,$Q26))),"X","OK"))))) -> OK | T26: =IF($A26="","",IF($Q26=0,"?",IF(AND(INDEX('합격 기준 수치표'!$F$6:$F$13,$Q26)="",INDEX('합격 기준 수치표'!$G$6:$G$13,$Q26)=""),"-",IF(I26="","N/A",IF(OR(AND(INDEX('합격 기준 수치표'!$F$6:$F$13,$Q26)<>"",I26<INDEX('합격 기준 수치표'!$F$6:$F$13,$Q26)),AND(INDEX('합격 기준 수치표'!$G$6:$G$13,$Q26)<>"",I26>INDEX('합격 기준 수치표'!$G$6:$G$13,$Q26))),"X","OK"))))) -> OK | U26: =IF($A26="","",IF($Q26=0,"?",IF(AND(INDEX('합격 기준 수치표'!$H$6:$H$13,$Q26)="",INDEX('합격 기준 수치표'!$I$6:$I$13,$Q26)=""),"-",IF(J26="","N/A",IF(OR(AND(INDEX('합격 기준 수치표'!$H$6:$H$13,$Q26)<>"",J26<INDEX('합격 기준 수치표'!$H$6:$H$13,$Q26)),AND(INDEX('합격 기준 수치표'!$I$6:$I$13,$Q26)<>"",J26>INDEX('합격 기준 수치표'!$I$6:$I$13,$Q26))),"X","OK"))))) -> - | V26: =IF($A26="","",IF($Q26=0,"?",IF(AND(INDEX('합격 기준 수치표'!$J$6:$J$13,$Q26)="",INDEX('합격 기준 수치표'!$K$6:$K$13,$Q26)=""),"-",IF(K26="","N/A",IF(OR(AND(INDEX('합격 기준 수치표'!$J$6:$J$13,$Q26)<>"",K26<INDEX('합격 기준 수치표'!$J$6:$J$13,$Q26)),AND(INDEX('합격 기준 수치표'!$K$6:$K$13,$Q26)<>"",K26>INDEX('합격 기준 수치표'!$K$6:$K$13,$Q26))),"X","OK"))))) -> OK | W26: =IF($A26="","",IF($Q26=0,"?",IF(AND(INDEX('합격 기준 수치표'!$L$6:$L$13,$Q26)="",INDEX('합격 기준 수치표'!$M$6:$M$13,$Q26)=""),"-",IF(L26="","N/A",IF(OR(AND(INDEX('합격 기준 수치표'!$L$6:$L$13,$Q26)<>"",L26<INDEX('합격 기준 수치표'!$L$6:$L$13,$Q26)),AND(INDEX('합격 기준 수치표'!$M$6:$M$13,$Q26)<>"",L26>INDEX('합격 기준 수치표'!$M$6:$M$13,$Q26))),"X","OK"))))) -> - | X26: =IF($A26="","",IF($Q26=0,"?",IF(AND(INDEX('합격 기준 수치표'!$N$6:$N$13,$Q26)="",INDEX('합격 기준 수치표'!$O$6:$O$13,$Q26)=""),"-",IF(M26="","N/A",IF(OR(AND(INDEX('합격 기준 수치표'!$N$6:$N$13,$Q26)<>"",M26<INDEX('합격 기준 수치표'!$N$6:$N$13,$Q26)),AND(INDEX('합격 기준 수치표'!$O$6:$O$13,$Q26)<>"",M26>INDEX('합격 기준 수치표'!$O$6:$O$13,$Q26))),"X","OK"))))) -> - | Y26: =IF($A26="","",IF($Q26=0,"?",IF(AND(INDEX('합격 기준 수치표'!$P$6:$P$13,$Q26)="",INDEX('합격 기준 수치표'!$Q$6:$Q$13,$Q26)=""),"-",IF(N26="","N/A",IF(OR(AND(INDEX('합격 기준 수치표'!$P$6:$P$13,$Q26)<>"",N26<INDEX('합격 기준 수치표'!$P$6:$P$13,$Q26)),AND(INDEX('합격 기준 수치표'!$Q$6:$Q$13,$Q26)<>"",N26>INDEX('합격 기준 수치표'!$Q$6:$Q$13,$Q26))),"X","OK"))))) -> OK | Z26: =IF($A26="","",COUNTIF($S26:$Y26,"X")+IF($R26="X",1,0)) -> 0 | AA26: =IF($A26="","",IF($Q26=0,"자세명 확인",IF($Z26=0,"PASS","FAIL"))) -> PASS
A27: yewon_cross_leg_right_1.csv | B27: yewon | C27: cross_leg_right | D27: 1 | E27: 1246 | F27: 20 | G27: 62.3 | H27: 13068 | I27: 1972 | J27: 41.4 | K27: 42.6 | L27: 58.8 | M27: 1.6 | N27: 11 | O27: 2 | P27: 0 | Q27: =IF($A27="","",IFERROR(MATCH($C27,'합격 기준 수치표'!$B$6:$B$13,0),0)) -> 4 | R27: =IF($A27="","",IF(AND(E27>='합격 기준 수치표'!$D$17,F27>='합격 기준 수치표'!$D$18,F27<='합격 기준 수치표'!$D$19,G27>='합격 기준 수치표'!$D$20,G27<='합격 기준 수치표'!$D$21,P27<='합격 기준 수치표'!$D$23,OR(H27<='합격 기준 수치표'!$D$24,O27="",O27<='합격 기준 수치표'!$D$22)),"OK","X")) -> OK | S27: =IF($A27="","",IF($Q27=0,"?",IF(AND(INDEX('합격 기준 수치표'!$D$6:$D$13,$Q27)="",INDEX('합격 기준 수치표'!$E$6:$E$13,$Q27)=""),"-",IF(H27="","N/A",IF(OR(AND(INDEX('합격 기준 수치표'!$D$6:$D$13,$Q27)<>"",H27<INDEX('합격 기준 수치표'!$D$6:$D$13,$Q27)),AND(INDEX('합격 기준 수치표'!$E$6:$E$13,$Q27)<>"",H27>INDEX('합격 기준 수치표'!$E$6:$E$13,$Q27))),"X","OK"))))) -> OK | T27: =IF($A27="","",IF($Q27=0,"?",IF(AND(INDEX('합격 기준 수치표'!$F$6:$F$13,$Q27)="",INDEX('합격 기준 수치표'!$G$6:$G$13,$Q27)=""),"-",IF(I27="","N/A",IF(OR(AND(INDEX('합격 기준 수치표'!$F$6:$F$13,$Q27)<>"",I27<INDEX('합격 기준 수치표'!$F$6:$F$13,$Q27)),AND(INDEX('합격 기준 수치표'!$G$6:$G$13,$Q27)<>"",I27>INDEX('합격 기준 수치표'!$G$6:$G$13,$Q27))),"X","OK"))))) -> OK | U27: =IF($A27="","",IF($Q27=0,"?",IF(AND(INDEX('합격 기준 수치표'!$H$6:$H$13,$Q27)="",INDEX('합격 기준 수치표'!$I$6:$I$13,$Q27)=""),"-",IF(J27="","N/A",IF(OR(AND(INDEX('합격 기준 수치표'!$H$6:$H$13,$Q27)<>"",J27<INDEX('합격 기준 수치표'!$H$6:$H$13,$Q27)),AND(INDEX('합격 기준 수치표'!$I$6:$I$13,$Q27)<>"",J27>INDEX('합격 기준 수치표'!$I$6:$I$13,$Q27))),"X","OK"))))) -> - | V27: =IF($A27="","",IF($Q27=0,"?",IF(AND(INDEX('합격 기준 수치표'!$J$6:$J$13,$Q27)="",INDEX('합격 기준 수치표'!$K$6:$K$13,$Q27)=""),"-",IF(K27="","N/A",IF(OR(AND(INDEX('합격 기준 수치표'!$J$6:$J$13,$Q27)<>"",K27<INDEX('합격 기준 수치표'!$J$6:$J$13,$Q27)),AND(INDEX('합격 기준 수치표'!$K$6:$K$13,$Q27)<>"",K27>INDEX('합격 기준 수치표'!$K$6:$K$13,$Q27))),"X","OK"))))) -> OK | W27: =IF($A27="","",IF($Q27=0,"?",IF(AND(INDEX('합격 기준 수치표'!$L$6:$L$13,$Q27)="",INDEX('합격 기준 수치표'!$M$6:$M$13,$Q27)=""),"-",IF(L27="","N/A",IF(OR(AND(INDEX('합격 기준 수치표'!$L$6:$L$13,$Q27)<>"",L27<INDEX('합격 기준 수치표'!$L$6:$L$13,$Q27)),AND(INDEX('합격 기준 수치표'!$M$6:$M$13,$Q27)<>"",L27>INDEX('합격 기준 수치표'!$M$6:$M$13,$Q27))),"X","OK"))))) -> - | X27: =IF($A27="","",IF($Q27=0,"?",IF(AND(INDEX('합격 기준 수치표'!$N$6:$N$13,$Q27)="",INDEX('합격 기준 수치표'!$O$6:$O$13,$Q27)=""),"-",IF(M27="","N/A",IF(OR(AND(INDEX('합격 기준 수치표'!$N$6:$N$13,$Q27)<>"",M27<INDEX('합격 기준 수치표'!$N$6:$N$13,$Q27)),AND(INDEX('합격 기준 수치표'!$O$6:$O$13,$Q27)<>"",M27>INDEX('합격 기준 수치표'!$O$6:$O$13,$Q27))),"X","OK"))))) -> - | Y27: =IF($A27="","",IF($Q27=0,"?",IF(AND(INDEX('합격 기준 수치표'!$P$6:$P$13,$Q27)="",INDEX('합격 기준 수치표'!$Q$6:$Q$13,$Q27)=""),"-",IF(N27="","N/A",IF(OR(AND(INDEX('합격 기준 수치표'!$P$6:$P$13,$Q27)<>"",N27<INDEX('합격 기준 수치표'!$P$6:$P$13,$Q27)),AND(INDEX('합격 기준 수치표'!$Q$6:$Q$13,$Q27)<>"",N27>INDEX('합격 기준 수치표'!$Q$6:$Q$13,$Q27))),"X","OK"))))) -> OK | Z27: =IF($A27="","",COUNTIF($S27:$Y27,"X")+IF($R27="X",1,0)) -> 0 | AA27: =IF($A27="","",IF($Q27=0,"자세명 확인",IF($Z27=0,"PASS","FAIL"))) -> PASS
A28: yewon_lean_forward_2.csv | B28: yewon | C28: lean_forward | D28: 2 | E28: 1244 | F28: 20 | G28: 62.2 | H28: 11272 | I28: 0 | J28: 19.4 | K28: 51.9 | N28: 0 | O28: 2.2 | P28: 0 | Q28: =IF($A28="","",IFERROR(MATCH($C28,'합격 기준 수치표'!$B$6:$B$13,0),0)) -> 3 | R28: =IF($A28="","",IF(AND(E28>='합격 기준 수치표'!$D$17,F28>='합격 기준 수치표'!$D$18,F28<='합격 기준 수치표'!$D$19,G28>='합격 기준 수치표'!$D$20,G28<='합격 기준 수치표'!$D$21,P28<='합격 기준 수치표'!$D$23,OR(H28<='합격 기준 수치표'!$D$24,O28="",O28<='합격 기준 수치표'!$D$22)),"OK","X")) -> OK | S28: =IF($A28="","",IF($Q28=0,"?",IF(AND(INDEX('합격 기준 수치표'!$D$6:$D$13,$Q28)="",INDEX('합격 기준 수치표'!$E$6:$E$13,$Q28)=""),"-",IF(H28="","N/A",IF(OR(AND(INDEX('합격 기준 수치표'!$D$6:$D$13,$Q28)<>"",H28<INDEX('합격 기준 수치표'!$D$6:$D$13,$Q28)),AND(INDEX('합격 기준 수치표'!$E$6:$E$13,$Q28)<>"",H28>INDEX('합격 기준 수치표'!$E$6:$E$13,$Q28))),"X","OK"))))) -> OK | T28: =IF($A28="","",IF($Q28=0,"?",IF(AND(INDEX('합격 기준 수치표'!$F$6:$F$13,$Q28)="",INDEX('합격 기준 수치표'!$G$6:$G$13,$Q28)=""),"-",IF(I28="","N/A",IF(OR(AND(INDEX('합격 기준 수치표'!$F$6:$F$13,$Q28)<>"",I28<INDEX('합격 기준 수치표'!$F$6:$F$13,$Q28)),AND(INDEX('합격 기준 수치표'!$G$6:$G$13,$Q28)<>"",I28>INDEX('합격 기준 수치표'!$G$6:$G$13,$Q28))),"X","OK"))))) -> OK | U28: =IF($A28="","",IF($Q28=0,"?",IF(AND(INDEX('합격 기준 수치표'!$H$6:$H$13,$Q28)="",INDEX('합격 기준 수치표'!$I$6:$I$13,$Q28)=""),"-",IF(J28="","N/A",IF(OR(AND(INDEX('합격 기준 수치표'!$H$6:$H$13,$Q28)<>"",J28<INDEX('합격 기준 수치표'!$H$6:$H$13,$Q28)),AND(INDEX('합격 기준 수치표'!$I$6:$I$13,$Q28)<>"",J28>INDEX('합격 기준 수치표'!$I$6:$I$13,$Q28))),"X","OK"))))) -> OK | V28: =IF($A28="","",IF($Q28=0,"?",IF(AND(INDEX('합격 기준 수치표'!$J$6:$J$13,$Q28)="",INDEX('합격 기준 수치표'!$K$6:$K$13,$Q28)=""),"-",IF(K28="","N/A",IF(OR(AND(INDEX('합격 기준 수치표'!$J$6:$J$13,$Q28)<>"",K28<INDEX('합격 기준 수치표'!$J$6:$J$13,$Q28)),AND(INDEX('합격 기준 수치표'!$K$6:$K$13,$Q28)<>"",K28>INDEX('합격 기준 수치표'!$K$6:$K$13,$Q28))),"X","OK"))))) -> OK | W28: =IF($A28="","",IF($Q28=0,"?",IF(AND(INDEX('합격 기준 수치표'!$L$6:$L$13,$Q28)="",INDEX('합격 기준 수치표'!$M$6:$M$13,$Q28)=""),"-",IF(L28="","N/A",IF(OR(AND(INDEX('합격 기준 수치표'!$L$6:$L$13,$Q28)<>"",L28<INDEX('합격 기준 수치표'!$L$6:$L$13,$Q28)),AND(INDEX('합격 기준 수치표'!$M$6:$M$13,$Q28)<>"",L28>INDEX('합격 기준 수치표'!$M$6:$M$13,$Q28))),"X","OK"))))) -> - | X28: =IF($A28="","",IF($Q28=0,"?",IF(AND(INDEX('합격 기준 수치표'!$N$6:$N$13,$Q28)="",INDEX('합격 기준 수치표'!$O$6:$O$13,$Q28)=""),"-",IF(M28="","N/A",IF(OR(AND(INDEX('합격 기준 수치표'!$N$6:$N$13,$Q28)<>"",M28<INDEX('합격 기준 수치표'!$N$6:$N$13,$Q28)),AND(INDEX('합격 기준 수치표'!$O$6:$O$13,$Q28)<>"",M28>INDEX('합격 기준 수치표'!$O$6:$O$13,$Q28))),"X","OK"))))) -> - | Y28: =IF($A28="","",IF($Q28=0,"?",IF(AND(INDEX('합격 기준 수치표'!$P$6:$P$13,$Q28)="",INDEX('합격 기준 수치표'!$Q$6:$Q$13,$Q28)=""),"-",IF(N28="","N/A",IF(OR(AND(INDEX('합격 기준 수치표'!$P$6:$P$13,$Q28)<>"",N28<INDEX('합격 기준 수치표'!$P$6:$P$13,$Q28)),AND(INDEX('합격 기준 수치표'!$Q$6:$Q$13,$Q28)<>"",N28>INDEX('합격 기준 수치표'!$Q$6:$Q$13,$Q28))),"X","OK"))))) -> - | Z28: =IF($A28="","",COUNTIF($S28:$Y28,"X")+IF($R28="X",1,0)) -> 0 | AA28: =IF($A28="","",IF($Q28=0,"자세명 확인",IF($Z28=0,"PASS","FAIL"))) -> PASS
A29: yewon_lean_left_1.csv | B29: yewon | C29: lean_left | D29: 1 | E29: 1245 | F29: 20 | G29: 62.3 | H29: 10836 | I29: 3656 | J29: 29 | K29: 55 | L29: 4.4 | M29: 27.3 | N29: 10 | O29: 2.7 | P29: 0 | Q29: =IF($A29="","",IFERROR(MATCH($C29,'합격 기준 수치표'!$B$6:$B$13,0),0)) -> 7 | R29: =IF($A29="","",IF(AND(E29>='합격 기준 수치표'!$D$17,F29>='합격 기준 수치표'!$D$18,F29<='합격 기준 수치표'!$D$19,G29>='합격 기준 수치표'!$D$20,G29<='합격 기준 수치표'!$D$21,P29<='합격 기준 수치표'!$D$23,OR(H29<='합격 기준 수치표'!$D$24,O29="",O29<='합격 기준 수치표'!$D$22)),"OK","X")) -> OK | S29: =IF($A29="","",IF($Q29=0,"?",IF(AND(INDEX('합격 기준 수치표'!$D$6:$D$13,$Q29)="",INDEX('합격 기준 수치표'!$E$6:$E$13,$Q29)=""),"-",IF(H29="","N/A",IF(OR(AND(INDEX('합격 기준 수치표'!$D$6:$D$13,$Q29)<>"",H29<INDEX('합격 기준 수치표'!$D$6:$D$13,$Q29)),AND(INDEX('합격 기준 수치표'!$E$6:$E$13,$Q29)<>"",H29>INDEX('합격 기준 수치표'!$E$6:$E$13,$Q29))),"X","OK"))))) -> OK | T29: =IF($A29="","",IF($Q29=0,"?",IF(AND(INDEX('합격 기준 수치표'!$F$6:$F$13,$Q29)="",INDEX('합격 기준 수치표'!$G$6:$G$13,$Q29)=""),"-",IF(I29="","N/A",IF(OR(AND(INDEX('합격 기준 수치표'!$F$6:$F$13,$Q29)<>"",I29<INDEX('합격 기준 수치표'!$F$6:$F$13,$Q29)),AND(INDEX('합격 기준 수치표'!$G$6:$G$13,$Q29)<>"",I29>INDEX('합격 기준 수치표'!$G$6:$G$13,$Q29))),"X","OK"))))) -> OK | U29: =IF($A29="","",IF($Q29=0,"?",IF(AND(INDEX('합격 기준 수치표'!$H$6:$H$13,$Q29)="",INDEX('합격 기준 수치표'!$I$6:$I$13,$Q29)=""),"-",IF(J29="","N/A",IF(OR(AND(INDEX('합격 기준 수치표'!$H$6:$H$13,$Q29)<>"",J29<INDEX('합격 기준 수치표'!$H$6:$H$13,$Q29)),AND(INDEX('합격 기준 수치표'!$I$6:$I$13,$Q29)<>"",J29>INDEX('합격 기준 수치표'!$I$6:$I$13,$Q29))),"X","OK"))))) -> - | V29: =IF($A29="","",IF($Q29=0,"?",IF(AND(INDEX('합격 기준 수치표'!$J$6:$J$13,$Q29)="",INDEX('합격 기준 수치표'!$K$6:$K$13,$Q29)=""),"-",IF(K29="","N/A",IF(OR(AND(INDEX('합격 기준 수치표'!$J$6:$J$13,$Q29)<>"",K29<INDEX('합격 기준 수치표'!$J$6:$J$13,$Q29)),AND(INDEX('합격 기준 수치표'!$K$6:$K$13,$Q29)<>"",K29>INDEX('합격 기준 수치표'!$K$6:$K$13,$Q29))),"X","OK"))))) -> - | W29: =IF($A29="","",IF($Q29=0,"?",IF(AND(INDEX('합격 기준 수치표'!$L$6:$L$13,$Q29)="",INDEX('합격 기준 수치표'!$M$6:$M$13,$Q29)=""),"-",IF(L29="","N/A",IF(OR(AND(INDEX('합격 기준 수치표'!$L$6:$L$13,$Q29)<>"",L29<INDEX('합격 기준 수치표'!$L$6:$L$13,$Q29)),AND(INDEX('합격 기준 수치표'!$M$6:$M$13,$Q29)<>"",L29>INDEX('합격 기준 수치표'!$M$6:$M$13,$Q29))),"X","OK"))))) -> OK | X29: =IF($A29="","",IF($Q29=0,"?",IF(AND(INDEX('합격 기준 수치표'!$N$6:$N$13,$Q29)="",INDEX('합격 기준 수치표'!$O$6:$O$13,$Q29)=""),"-",IF(M29="","N/A",IF(OR(AND(INDEX('합격 기준 수치표'!$N$6:$N$13,$Q29)<>"",M29<INDEX('합격 기준 수치표'!$N$6:$N$13,$Q29)),AND(INDEX('합격 기준 수치표'!$O$6:$O$13,$Q29)<>"",M29>INDEX('합격 기준 수치표'!$O$6:$O$13,$Q29))),"X","OK"))))) -> - | Y29: =IF($A29="","",IF($Q29=0,"?",IF(AND(INDEX('합격 기준 수치표'!$P$6:$P$13,$Q29)="",INDEX('합격 기준 수치표'!$Q$6:$Q$13,$Q29)=""),"-",IF(N29="","N/A",IF(OR(AND(INDEX('합격 기준 수치표'!$P$6:$P$13,$Q29)<>"",N29<INDEX('합격 기준 수치표'!$P$6:$P$13,$Q29)),AND(INDEX('합격 기준 수치표'!$Q$6:$Q$13,$Q29)<>"",N29>INDEX('합격 기준 수치표'!$Q$6:$Q$13,$Q29))),"X","OK"))))) -> OK | Z29: =IF($A29="","",COUNTIF($S29:$Y29,"X")+IF($R29="X",1,0)) -> 0 | AA29: =IF($A29="","",IF($Q29=0,"자세명 확인",IF($Z29=0,"PASS","FAIL"))) -> PASS
A30: yewon_lean_right_2.csv | B30: yewon | C30: lean_right | D30: 2 | E30: 1245 | F30: 20 | G30: 62.3 | H30: 11511 | I30: 2803 | J30: 29.6 | K30: 56.2 | L30: 99.9 | M30: 22 | N30: 10 | O30: 4.5 | P30: 0 | Q30: =IF($A30="","",IFERROR(MATCH($C30,'합격 기준 수치표'!$B$6:$B$13,0),0)) -> 6 | R30: =IF($A30="","",IF(AND(E30>='합격 기준 수치표'!$D$17,F30>='합격 기준 수치표'!$D$18,F30<='합격 기준 수치표'!$D$19,G30>='합격 기준 수치표'!$D$20,G30<='합격 기준 수치표'!$D$21,P30<='합격 기준 수치표'!$D$23,OR(H30<='합격 기준 수치표'!$D$24,O30="",O30<='합격 기준 수치표'!$D$22)),"OK","X")) -> OK | S30: =IF($A30="","",IF($Q30=0,"?",IF(AND(INDEX('합격 기준 수치표'!$D$6:$D$13,$Q30)="",INDEX('합격 기준 수치표'!$E$6:$E$13,$Q30)=""),"-",IF(H30="","N/A",IF(OR(AND(INDEX('합격 기준 수치표'!$D$6:$D$13,$Q30)<>"",H30<INDEX('합격 기준 수치표'!$D$6:$D$13,$Q30)),AND(INDEX('합격 기준 수치표'!$E$6:$E$13,$Q30)<>"",H30>INDEX('합격 기준 수치표'!$E$6:$E$13,$Q30))),"X","OK"))))) -> OK | T30: =IF($A30="","",IF($Q30=0,"?",IF(AND(INDEX('합격 기준 수치표'!$F$6:$F$13,$Q30)="",INDEX('합격 기준 수치표'!$G$6:$G$13,$Q30)=""),"-",IF(I30="","N/A",IF(OR(AND(INDEX('합격 기준 수치표'!$F$6:$F$13,$Q30)<>"",I30<INDEX('합격 기준 수치표'!$F$6:$F$13,$Q30)),AND(INDEX('합격 기준 수치표'!$G$6:$G$13,$Q30)<>"",I30>INDEX('합격 기준 수치표'!$G$6:$G$13,$Q30))),"X","OK"))))) -> OK | U30: =IF($A30="","",IF($Q30=0,"?",IF(AND(INDEX('합격 기준 수치표'!$H$6:$H$13,$Q30)="",INDEX('합격 기준 수치표'!$I$6:$I$13,$Q30)=""),"-",IF(J30="","N/A",IF(OR(AND(INDEX('합격 기준 수치표'!$H$6:$H$13,$Q30)<>"",J30<INDEX('합격 기준 수치표'!$H$6:$H$13,$Q30)),AND(INDEX('합격 기준 수치표'!$I$6:$I$13,$Q30)<>"",J30>INDEX('합격 기준 수치표'!$I$6:$I$13,$Q30))),"X","OK"))))) -> - | V30: =IF($A30="","",IF($Q30=0,"?",IF(AND(INDEX('합격 기준 수치표'!$J$6:$J$13,$Q30)="",INDEX('합격 기준 수치표'!$K$6:$K$13,$Q30)=""),"-",IF(K30="","N/A",IF(OR(AND(INDEX('합격 기준 수치표'!$J$6:$J$13,$Q30)<>"",K30<INDEX('합격 기준 수치표'!$J$6:$J$13,$Q30)),AND(INDEX('합격 기준 수치표'!$K$6:$K$13,$Q30)<>"",K30>INDEX('합격 기준 수치표'!$K$6:$K$13,$Q30))),"X","OK"))))) -> OK | W30: =IF($A30="","",IF($Q30=0,"?",IF(AND(INDEX('합격 기준 수치표'!$L$6:$L$13,$Q30)="",INDEX('합격 기준 수치표'!$M$6:$M$13,$Q30)=""),"-",IF(L30="","N/A",IF(OR(AND(INDEX('합격 기준 수치표'!$L$6:$L$13,$Q30)<>"",L30<INDEX('합격 기준 수치표'!$L$6:$L$13,$Q30)),AND(INDEX('합격 기준 수치표'!$M$6:$M$13,$Q30)<>"",L30>INDEX('합격 기준 수치표'!$M$6:$M$13,$Q30))),"X","OK"))))) -> OK | X30: =IF($A30="","",IF($Q30=0,"?",IF(AND(INDEX('합격 기준 수치표'!$N$6:$N$13,$Q30)="",INDEX('합격 기준 수치표'!$O$6:$O$13,$Q30)=""),"-",IF(M30="","N/A",IF(OR(AND(INDEX('합격 기준 수치표'!$N$6:$N$13,$Q30)<>"",M30<INDEX('합격 기준 수치표'!$N$6:$N$13,$Q30)),AND(INDEX('합격 기준 수치표'!$O$6:$O$13,$Q30)<>"",M30>INDEX('합격 기준 수치표'!$O$6:$O$13,$Q30))),"X","OK"))))) -> - | Y30: =IF($A30="","",IF($Q30=0,"?",IF(AND(INDEX('합격 기준 수치표'!$P$6:$P$13,$Q30)="",INDEX('합격 기준 수치표'!$Q$6:$Q$13,$Q30)=""),"-",IF(N30="","N/A",IF(OR(AND(INDEX('합격 기준 수치표'!$P$6:$P$13,$Q30)<>"",N30<INDEX('합격 기준 수치표'!$P$6:$P$13,$Q30)),AND(INDEX('합격 기준 수치표'!$Q$6:$Q$13,$Q30)<>"",N30>INDEX('합격 기준 수치표'!$Q$6:$Q$13,$Q30))),"X","OK"))))) -> OK | Z30: =IF($A30="","",COUNTIF($S30:$Y30,"X")+IF($R30="X",1,0)) -> 0 | AA30: =IF($A30="","",IF($Q30=0,"자세명 확인",IF($Z30=0,"PASS","FAIL"))) -> PASS
A31: yewon_not_sitting_1.csv | B31: yewon | C31: not_sitting | D31: 1 | E31: 1245 | F31: 20 | G31: 62.3 | H31: 0 | I31: 0 | N31: 0 | P31: 0 | Q31: =IF($A31="","",IFERROR(MATCH($C31,'합격 기준 수치표'!$B$6:$B$13,0),0)) -> 1 | R31: =IF($A31="","",IF(AND(E31>='합격 기준 수치표'!$D$17,F31>='합격 기준 수치표'!$D$18,F31<='합격 기준 수치표'!$D$19,G31>='합격 기준 수치표'!$D$20,G31<='합격 기준 수치표'!$D$21,P31<='합격 기준 수치표'!$D$23,OR(H31<='합격 기준 수치표'!$D$24,O31="",O31<='합격 기준 수치표'!$D$22)),"OK","X")) -> OK | S31: =IF($A31="","",IF($Q31=0,"?",IF(AND(INDEX('합격 기준 수치표'!$D$6:$D$13,$Q31)="",INDEX('합격 기준 수치표'!$E$6:$E$13,$Q31)=""),"-",IF(H31="","N/A",IF(OR(AND(INDEX('합격 기준 수치표'!$D$6:$D$13,$Q31)<>"",H31<INDEX('합격 기준 수치표'!$D$6:$D$13,$Q31)),AND(INDEX('합격 기준 수치표'!$E$6:$E$13,$Q31)<>"",H31>INDEX('합격 기준 수치표'!$E$6:$E$13,$Q31))),"X","OK"))))) -> OK | T31: =IF($A31="","",IF($Q31=0,"?",IF(AND(INDEX('합격 기준 수치표'!$F$6:$F$13,$Q31)="",INDEX('합격 기준 수치표'!$G$6:$G$13,$Q31)=""),"-",IF(I31="","N/A",IF(OR(AND(INDEX('합격 기준 수치표'!$F$6:$F$13,$Q31)<>"",I31<INDEX('합격 기준 수치표'!$F$6:$F$13,$Q31)),AND(INDEX('합격 기준 수치표'!$G$6:$G$13,$Q31)<>"",I31>INDEX('합격 기준 수치표'!$G$6:$G$13,$Q31))),"X","OK"))))) -> OK | U31: =IF($A31="","",IF($Q31=0,"?",IF(AND(INDEX('합격 기준 수치표'!$H$6:$H$13,$Q31)="",INDEX('합격 기준 수치표'!$I$6:$I$13,$Q31)=""),"-",IF(J31="","N/A",IF(OR(AND(INDEX('합격 기준 수치표'!$H$6:$H$13,$Q31)<>"",J31<INDEX('합격 기준 수치표'!$H$6:$H$13,$Q31)),AND(INDEX('합격 기준 수치표'!$I$6:$I$13,$Q31)<>"",J31>INDEX('합격 기준 수치표'!$I$6:$I$13,$Q31))),"X","OK"))))) -> - | V31: =IF($A31="","",IF($Q31=0,"?",IF(AND(INDEX('합격 기준 수치표'!$J$6:$J$13,$Q31)="",INDEX('합격 기준 수치표'!$K$6:$K$13,$Q31)=""),"-",IF(K31="","N/A",IF(OR(AND(INDEX('합격 기준 수치표'!$J$6:$J$13,$Q31)<>"",K31<INDEX('합격 기준 수치표'!$J$6:$J$13,$Q31)),AND(INDEX('합격 기준 수치표'!$K$6:$K$13,$Q31)<>"",K31>INDEX('합격 기준 수치표'!$K$6:$K$13,$Q31))),"X","OK"))))) -> - | W31: =IF($A31="","",IF($Q31=0,"?",IF(AND(INDEX('합격 기준 수치표'!$L$6:$L$13,$Q31)="",INDEX('합격 기준 수치표'!$M$6:$M$13,$Q31)=""),"-",IF(L31="","N/A",IF(OR(AND(INDEX('합격 기준 수치표'!$L$6:$L$13,$Q31)<>"",L31<INDEX('합격 기준 수치표'!$L$6:$L$13,$Q31)),AND(INDEX('합격 기준 수치표'!$M$6:$M$13,$Q31)<>"",L31>INDEX('합격 기준 수치표'!$M$6:$M$13,$Q31))),"X","OK"))))) -> - | X31: =IF($A31="","",IF($Q31=0,"?",IF(AND(INDEX('합격 기준 수치표'!$N$6:$N$13,$Q31)="",INDEX('합격 기준 수치표'!$O$6:$O$13,$Q31)=""),"-",IF(M31="","N/A",IF(OR(AND(INDEX('합격 기준 수치표'!$N$6:$N$13,$Q31)<>"",M31<INDEX('합격 기준 수치표'!$N$6:$N$13,$Q31)),AND(INDEX('합격 기준 수치표'!$O$6:$O$13,$Q31)<>"",M31>INDEX('합격 기준 수치표'!$O$6:$O$13,$Q31))),"X","OK"))))) -> - | Y31: =IF($A31="","",IF($Q31=0,"?",IF(AND(INDEX('합격 기준 수치표'!$P$6:$P$13,$Q31)="",INDEX('합격 기준 수치표'!$Q$6:$Q$13,$Q31)=""),"-",IF(N31="","N/A",IF(OR(AND(INDEX('합격 기준 수치표'!$P$6:$P$13,$Q31)<>"",N31<INDEX('합격 기준 수치표'!$P$6:$P$13,$Q31)),AND(INDEX('합격 기준 수치표'!$Q$6:$Q$13,$Q31)<>"",N31>INDEX('합격 기준 수치표'!$Q$6:$Q$13,$Q31))),"X","OK"))))) -> - | Z31: =IF($A31="","",COUNTIF($S31:$Y31,"X")+IF($R31="X",1,0)) -> 0 | AA31: =IF($A31="","",IF($Q31=0,"자세명 확인",IF($Z31=0,"PASS","FAIL"))) -> PASS
A32: yewon_sitting_straight_1.csv | B32: yewon | C32: sitting_straight | D32: 1 | E32: 1246 | F32: 20 | G32: 62.3 | H32: 14021 | I32: 3144 | J32: 32.7 | K32: 55.5 | L32: 63.9 | M32: 1.4 | N32: 15 | O32: 4.3 | P32: 0.018 | Q32: =IF($A32="","",IFERROR(MATCH($C32,'합격 기준 수치표'!$B$6:$B$13,0),0)) -> 2 | R32: =IF($A32="","",IF(AND(E32>='합격 기준 수치표'!$D$17,F32>='합격 기준 수치표'!$D$18,F32<='합격 기준 수치표'!$D$19,G32>='합격 기준 수치표'!$D$20,G32<='합격 기준 수치표'!$D$21,P32<='합격 기준 수치표'!$D$23,OR(H32<='합격 기준 수치표'!$D$24,O32="",O32<='합격 기준 수치표'!$D$22)),"OK","X")) -> OK | S32: =IF($A32="","",IF($Q32=0,"?",IF(AND(INDEX('합격 기준 수치표'!$D$6:$D$13,$Q32)="",INDEX('합격 기준 수치표'!$E$6:$E$13,$Q32)=""),"-",IF(H32="","N/A",IF(OR(AND(INDEX('합격 기준 수치표'!$D$6:$D$13,$Q32)<>"",H32<INDEX('합격 기준 수치표'!$D$6:$D$13,$Q32)),AND(INDEX('합격 기준 수치표'!$E$6:$E$13,$Q32)<>"",H32>INDEX('합격 기준 수치표'!$E$6:$E$13,$Q32))),"X","OK"))))) -> OK | T32: =IF($A32="","",IF($Q32=0,"?",IF(AND(INDEX('합격 기준 수치표'!$F$6:$F$13,$Q32)="",INDEX('합격 기준 수치표'!$G$6:$G$13,$Q32)=""),"-",IF(I32="","N/A",IF(OR(AND(INDEX('합격 기준 수치표'!$F$6:$F$13,$Q32)<>"",I32<INDEX('합격 기준 수치표'!$F$6:$F$13,$Q32)),AND(INDEX('합격 기준 수치표'!$G$6:$G$13,$Q32)<>"",I32>INDEX('합격 기준 수치표'!$G$6:$G$13,$Q32))),"X","OK"))))) -> OK | U32: =IF($A32="","",IF($Q32=0,"?",IF(AND(INDEX('합격 기준 수치표'!$H$6:$H$13,$Q32)="",INDEX('합격 기준 수치표'!$I$6:$I$13,$Q32)=""),"-",IF(J32="","N/A",IF(OR(AND(INDEX('합격 기준 수치표'!$H$6:$H$13,$Q32)<>"",J32<INDEX('합격 기준 수치표'!$H$6:$H$13,$Q32)),AND(INDEX('합격 기준 수치표'!$I$6:$I$13,$Q32)<>"",J32>INDEX('합격 기준 수치표'!$I$6:$I$13,$Q32))),"X","OK"))))) -> - | V32: =IF($A32="","",IF($Q32=0,"?",IF(AND(INDEX('합격 기준 수치표'!$J$6:$J$13,$Q32)="",INDEX('합격 기준 수치표'!$K$6:$K$13,$Q32)=""),"-",IF(K32="","N/A",IF(OR(AND(INDEX('합격 기준 수치표'!$J$6:$J$13,$Q32)<>"",K32<INDEX('합격 기준 수치표'!$J$6:$J$13,$Q32)),AND(INDEX('합격 기준 수치표'!$K$6:$K$13,$Q32)<>"",K32>INDEX('합격 기준 수치표'!$K$6:$K$13,$Q32))),"X","OK"))))) -> OK | W32: =IF($A32="","",IF($Q32=0,"?",IF(AND(INDEX('합격 기준 수치표'!$L$6:$L$13,$Q32)="",INDEX('합격 기준 수치표'!$M$6:$M$13,$Q32)=""),"-",IF(L32="","N/A",IF(OR(AND(INDEX('합격 기준 수치표'!$L$6:$L$13,$Q32)<>"",L32<INDEX('합격 기준 수치표'!$L$6:$L$13,$Q32)),AND(INDEX('합격 기준 수치표'!$M$6:$M$13,$Q32)<>"",L32>INDEX('합격 기준 수치표'!$M$6:$M$13,$Q32))),"X","OK"))))) -> - | X32: =IF($A32="","",IF($Q32=0,"?",IF(AND(INDEX('합격 기준 수치표'!$N$6:$N$13,$Q32)="",INDEX('합격 기준 수치표'!$O$6:$O$13,$Q32)=""),"-",IF(M32="","N/A",IF(OR(AND(INDEX('합격 기준 수치표'!$N$6:$N$13,$Q32)<>"",M32<INDEX('합격 기준 수치표'!$N$6:$N$13,$Q32)),AND(INDEX('합격 기준 수치표'!$O$6:$O$13,$Q32)<>"",M32>INDEX('합격 기준 수치표'!$O$6:$O$13,$Q32))),"X","OK"))))) -> - | Y32: =IF($A32="","",IF($Q32=0,"?",IF(AND(INDEX('합격 기준 수치표'!$P$6:$P$13,$Q32)="",INDEX('합격 기준 수치표'!$Q$6:$Q$13,$Q32)=""),"-",IF(N32="","N/A",IF(OR(AND(INDEX('합격 기준 수치표'!$P$6:$P$13,$Q32)<>"",N32<INDEX('합격 기준 수치표'!$P$6:$P$13,$Q32)),AND(INDEX('합격 기준 수치표'!$Q$6:$Q$13,$Q32)<>"",N32>INDEX('합격 기준 수치표'!$Q$6:$Q$13,$Q32))),"X","OK"))))) -> OK | Z32: =IF($A32="","",COUNTIF($S32:$Y32,"X")+IF($R32="X",1,0)) -> 0 | AA32: =IF($A32="","",IF($Q32=0,"자세명 확인",IF($Z32=0,"PASS","FAIL"))) -> PASS
A33: yewon_turtle_neck_1.csv | B33: yewon | C33: turtle_neck | D33: 1 | E33: 1246 | F33: 20 | G33: 62.3 | H33: 12124 | I33: 1250 | J33: 32.1 | K33: 55.7 | L33: 100 | M33: 0.4 | N33: 6 | O33: 3.6 | P33: 0 | Q33: =IF($A33="","",IFERROR(MATCH($C33,'합격 기준 수치표'!$B$6:$B$13,0),0)) -> 8 | R33: =IF($A33="","",IF(AND(E33>='합격 기준 수치표'!$D$17,F33>='합격 기준 수치표'!$D$18,F33<='합격 기준 수치표'!$D$19,G33>='합격 기준 수치표'!$D$20,G33<='합격 기준 수치표'!$D$21,P33<='합격 기준 수치표'!$D$23,OR(H33<='합격 기준 수치표'!$D$24,O33="",O33<='합격 기준 수치표'!$D$22)),"OK","X")) -> OK | S33: =IF($A33="","",IF($Q33=0,"?",IF(AND(INDEX('합격 기준 수치표'!$D$6:$D$13,$Q33)="",INDEX('합격 기준 수치표'!$E$6:$E$13,$Q33)=""),"-",IF(H33="","N/A",IF(OR(AND(INDEX('합격 기준 수치표'!$D$6:$D$13,$Q33)<>"",H33<INDEX('합격 기준 수치표'!$D$6:$D$13,$Q33)),AND(INDEX('합격 기준 수치표'!$E$6:$E$13,$Q33)<>"",H33>INDEX('합격 기준 수치표'!$E$6:$E$13,$Q33))),"X","OK"))))) -> OK | T33: =IF($A33="","",IF($Q33=0,"?",IF(AND(INDEX('합격 기준 수치표'!$F$6:$F$13,$Q33)="",INDEX('합격 기준 수치표'!$G$6:$G$13,$Q33)=""),"-",IF(I33="","N/A",IF(OR(AND(INDEX('합격 기준 수치표'!$F$6:$F$13,$Q33)<>"",I33<INDEX('합격 기준 수치표'!$F$6:$F$13,$Q33)),AND(INDEX('합격 기준 수치표'!$G$6:$G$13,$Q33)<>"",I33>INDEX('합격 기준 수치표'!$G$6:$G$13,$Q33))),"X","OK"))))) -> OK | U33: =IF($A33="","",IF($Q33=0,"?",IF(AND(INDEX('합격 기준 수치표'!$H$6:$H$13,$Q33)="",INDEX('합격 기준 수치표'!$I$6:$I$13,$Q33)=""),"-",IF(J33="","N/A",IF(OR(AND(INDEX('합격 기준 수치표'!$H$6:$H$13,$Q33)<>"",J33<INDEX('합격 기준 수치표'!$H$6:$H$13,$Q33)),AND(INDEX('합격 기준 수치표'!$I$6:$I$13,$Q33)<>"",J33>INDEX('합격 기준 수치표'!$I$6:$I$13,$Q33))),"X","OK"))))) -> - | V33: =IF($A33="","",IF($Q33=0,"?",IF(AND(INDEX('합격 기준 수치표'!$J$6:$J$13,$Q33)="",INDEX('합격 기준 수치표'!$K$6:$K$13,$Q33)=""),"-",IF(K33="","N/A",IF(OR(AND(INDEX('합격 기준 수치표'!$J$6:$J$13,$Q33)<>"",K33<INDEX('합격 기준 수치표'!$J$6:$J$13,$Q33)),AND(INDEX('합격 기준 수치표'!$K$6:$K$13,$Q33)<>"",K33>INDEX('합격 기준 수치표'!$K$6:$K$13,$Q33))),"X","OK"))))) -> OK | W33: =IF($A33="","",IF($Q33=0,"?",IF(AND(INDEX('합격 기준 수치표'!$L$6:$L$13,$Q33)="",INDEX('합격 기준 수치표'!$M$6:$M$13,$Q33)=""),"-",IF(L33="","N/A",IF(OR(AND(INDEX('합격 기준 수치표'!$L$6:$L$13,$Q33)<>"",L33<INDEX('합격 기준 수치표'!$L$6:$L$13,$Q33)),AND(INDEX('합격 기준 수치표'!$M$6:$M$13,$Q33)<>"",L33>INDEX('합격 기준 수치표'!$M$6:$M$13,$Q33))),"X","OK"))))) -> - | X33: =IF($A33="","",IF($Q33=0,"?",IF(AND(INDEX('합격 기준 수치표'!$N$6:$N$13,$Q33)="",INDEX('합격 기준 수치표'!$O$6:$O$13,$Q33)=""),"-",IF(M33="","N/A",IF(OR(AND(INDEX('합격 기준 수치표'!$N$6:$N$13,$Q33)<>"",M33<INDEX('합격 기준 수치표'!$N$6:$N$13,$Q33)),AND(INDEX('합격 기준 수치표'!$O$6:$O$13,$Q33)<>"",M33>INDEX('합격 기준 수치표'!$O$6:$O$13,$Q33))),"X","OK"))))) -> OK | Y33: =IF($A33="","",IF($Q33=0,"?",IF(AND(INDEX('합격 기준 수치표'!$P$6:$P$13,$Q33)="",INDEX('합격 기준 수치표'!$Q$6:$Q$13,$Q33)=""),"-",IF(N33="","N/A",IF(OR(AND(INDEX('합격 기준 수치표'!$P$6:$P$13,$Q33)<>"",N33<INDEX('합격 기준 수치표'!$P$6:$P$13,$Q33)),AND(INDEX('합격 기준 수치표'!$Q$6:$Q$13,$Q33)<>"",N33>INDEX('합격 기준 수치표'!$Q$6:$Q$13,$Q33))),"X","OK"))))) -> OK | Z33: =IF($A33="","",COUNTIF($S33:$Y33,"X")+IF($R33="X",1,0)) -> 0 | AA33: =IF($A33="","",IF($Q33=0,"자세명 확인",IF($Z33=0,"PASS","FAIL"))) -> PASS
Q34: =IF($A34="","",IFERROR(MATCH($C34,'합격 기준 수치표'!$B$6:$B$13,0),0)) | R34: =IF($A34="","",IF(AND(E34>='합격 기준 수치표'!$D$17,F34>='합격 기준 수치표'!$D$18,F34<='합격 기준 수치표'!$D$19,G34>='합격 기준 수치표'!$D$20,G34<='합격 기준 수치표'!$D$21,P34<='합격 기준 수치표'!$D$23,OR(H34<='합격 기준 수치표'!$D$24,O34="",O34<='합격 기준 수치표'!$D$22)),"OK","X")) | S34: =IF($A34="","",IF($Q34=0,"?",IF(AND(INDEX('합격 기준 수치표'!$D$6:$D$13,$Q34)="",INDEX('합격 기준 수치표'!$E$6:$E$13,$Q34)=""),"-",IF(H34="","N/A",IF(OR(AND(INDEX('합격 기준 수치표'!$D$6:$D$13,$Q34)<>"",H34<INDEX('합격 기준 수치표'!$D$6:$D$13,$Q34)),AND(INDEX('합격 기준 수치표'!$E$6:$E$13,$Q34)<>"",H34>INDEX('합격 기준 수치표'!$E$6:$E$13,$Q34))),"X","OK"))))) | T34: =IF($A34="","",IF($Q34=0,"?",IF(AND(INDEX('합격 기준 수치표'!$F$6:$F$13,$Q34)="",INDEX('합격 기준 수치표'!$G$6:$G$13,$Q34)=""),"-",IF(I34="","N/A",IF(OR(AND(INDEX('합격 기준 수치표'!$F$6:$F$13,$Q34)<>"",I34<INDEX('합격 기준 수치표'!$F$6:$F$13,$Q34)),AND(INDEX('합격 기준 수치표'!$G$6:$G$13,$Q34)<>"",I34>INDEX('합격 기준 수치표'!$G$6:$G$13,$Q34))),"X","OK"))))) | U34: =IF($A34="","",IF($Q34=0,"?",IF(AND(INDEX('합격 기준 수치표'!$H$6:$H$13,$Q34)="",INDEX('합격 기준 수치표'!$I$6:$I$13,$Q34)=""),"-",IF(J34="","N/A",IF(OR(AND(INDEX('합격 기준 수치표'!$H$6:$H$13,$Q34)<>"",J34<INDEX('합격 기준 수치표'!$H$6:$H$13,$Q34)),AND(INDEX('합격 기준 수치표'!$I$6:$I$13,$Q34)<>"",J34>INDEX('합격 기준 수치표'!$I$6:$I$13,$Q34))),"X","OK"))))) | V34: =IF($A34="","",IF($Q34=0,"?",IF(AND(INDEX('합격 기준 수치표'!$J$6:$J$13,$Q34)="",INDEX('합격 기준 수치표'!$K$6:$K$13,$Q34)=""),"-",IF(K34="","N/A",IF(OR(AND(INDEX('합격 기준 수치표'!$J$6:$J$13,$Q34)<>"",K34<INDEX('합격 기준 수치표'!$J$6:$J$13,$Q34)),AND(INDEX('합격 기준 수치표'!$K$6:$K$13,$Q34)<>"",K34>INDEX('합격 기준 수치표'!$K$6:$K$13,$Q34))),"X","OK"))))) | W34: =IF($A34="","",IF($Q34=0,"?",IF(AND(INDEX('합격 기준 수치표'!$L$6:$L$13,$Q34)="",INDEX('합격 기준 수치표'!$M$6:$M$13,$Q34)=""),"-",IF(L34="","N/A",IF(OR(AND(INDEX('합격 기준 수치표'!$L$6:$L$13,$Q34)<>"",L34<INDEX('합격 기준 수치표'!$L$6:$L$13,$Q34)),AND(INDEX('합격 기준 수치표'!$M$6:$M$13,$Q34)<>"",L34>INDEX('합격 기준 수치표'!$M$6:$M$13,$Q34))),"X","OK"))))) | X34: =IF($A34="","",IF($Q34=0,"?",IF(AND(INDEX('합격 기준 수치표'!$N$6:$N$13,$Q34)="",INDEX('합격 기준 수치표'!$O$6:$O$13,$Q34)=""),"-",IF(M34="","N/A",IF(OR(AND(INDEX('합격 기준 수치표'!$N$6:$N$13,$Q34)<>"",M34<INDEX('합격 기준 수치표'!$N$6:$N$13,$Q34)),AND(INDEX('합격 기준 수치표'!$O$6:$O$13,$Q34)<>"",M34>INDEX('합격 기준 수치표'!$O$6:$O$13,$Q34))),"X","OK"))))) | Y34: =IF($A34="","",IF($Q34=0,"?",IF(AND(INDEX('합격 기준 수치표'!$P$6:$P$13,$Q34)="",INDEX('합격 기준 수치표'!$Q$6:$Q$13,$Q34)=""),"-",IF(N34="","N/A",IF(OR(AND(INDEX('합격 기준 수치표'!$P$6:$P$13,$Q34)<>"",N34<INDEX('합격 기준 수치표'!$P$6:$P$13,$Q34)),AND(INDEX('합격 기준 수치표'!$Q$6:$Q$13,$Q34)<>"",N34>INDEX('합격 기준 수치표'!$Q$6:$Q$13,$Q34))),"X","OK"))))) | Z34: =IF($A34="","",COUNTIF($S34:$Y34,"X")+IF($R34="X",1,0)) | AA34: =IF($A34="","",IF($Q34=0,"자세명 확인",IF($Z34=0,"PASS","FAIL")))
Q35: =IF($A35="","",IFERROR(MATCH($C35,'합격 기준 수치표'!$B$6:$B$13,0),0)) | R35: =IF($A35="","",IF(AND(E35>='합격 기준 수치표'!$D$17,F35>='합격 기준 수치표'!$D$18,F35<='합격 기준 수치표'!$D$19,G35>='합격 기준 수치표'!$D$20,G35<='합격 기준 수치표'!$D$21,P35<='합격 기준 수치표'!$D$23,OR(H35<='합격 기준 수치표'!$D$24,O35="",O35<='합격 기준 수치표'!$D$22)),"OK","X")) | S35: =IF($A35="","",IF($Q35=0,"?",IF(AND(INDEX('합격 기준 수치표'!$D$6:$D$13,$Q35)="",INDEX('합격 기준 수치표'!$E$6:$E$13,$Q35)=""),"-",IF(H35="","N/A",IF(OR(AND(INDEX('합격 기준 수치표'!$D$6:$D$13,$Q35)<>"",H35<INDEX('합격 기준 수치표'!$D$6:$D$13,$Q35)),AND(INDEX('합격 기준 수치표'!$E$6:$E$13,$Q35)<>"",H35>INDEX('합격 기준 수치표'!$E$6:$E$13,$Q35))),"X","OK"))))) | T35: =IF($A35="","",IF($Q35=0,"?",IF(AND(INDEX('합격 기준 수치표'!$F$6:$F$13,$Q35)="",INDEX('합격 기준 수치표'!$G$6:$G$13,$Q35)=""),"-",IF(I35="","N/A",IF(OR(AND(INDEX('합격 기준 수치표'!$F$6:$F$13,$Q35)<>"",I35<INDEX('합격 기준 수치표'!$F$6:$F$13,$Q35)),AND(INDEX('합격 기준 수치표'!$G$6:$G$13,$Q35)<>"",I35>INDEX('합격 기준 수치표'!$G$6:$G$13,$Q35))),"X","OK"))))) | U35: =IF($A35="","",IF($Q35=0,"?",IF(AND(INDEX('합격 기준 수치표'!$H$6:$H$13,$Q35)="",INDEX('합격 기준 수치표'!$I$6:$I$13,$Q35)=""),"-",IF(J35="","N/A",IF(OR(AND(INDEX('합격 기준 수치표'!$H$6:$H$13,$Q35)<>"",J35<INDEX('합격 기준 수치표'!$H$6:$H$13,$Q35)),AND(INDEX('합격 기준 수치표'!$I$6:$I$13,$Q35)<>"",J35>INDEX('합격 기준 수치표'!$I$6:$I$13,$Q35))),"X","OK"))))) | V35: =IF($A35="","",IF($Q35=0,"?",IF(AND(INDEX('합격 기준 수치표'!$J$6:$J$13,$Q35)="",INDEX('합격 기준 수치표'!$K$6:$K$13,$Q35)=""),"-",IF(K35="","N/A",IF(OR(AND(INDEX('합격 기준 수치표'!$J$6:$J$13,$Q35)<>"",K35<INDEX('합격 기준 수치표'!$J$6:$J$13,$Q35)),AND(INDEX('합격 기준 수치표'!$K$6:$K$13,$Q35)<>"",K35>INDEX('합격 기준 수치표'!$K$6:$K$13,$Q35))),"X","OK"))))) | W35: =IF($A35="","",IF($Q35=0,"?",IF(AND(INDEX('합격 기준 수치표'!$L$6:$L$13,$Q35)="",INDEX('합격 기준 수치표'!$M$6:$M$13,$Q35)=""),"-",IF(L35="","N/A",IF(OR(AND(INDEX('합격 기준 수치표'!$L$6:$L$13,$Q35)<>"",L35<INDEX('합격 기준 수치표'!$L$6:$L$13,$Q35)),AND(INDEX('합격 기준 수치표'!$M$6:$M$13,$Q35)<>"",L35>INDEX('합격 기준 수치표'!$M$6:$M$13,$Q35))),"X","OK"))))) | X35: =IF($A35="","",IF($Q35=0,"?",IF(AND(INDEX('합격 기준 수치표'!$N$6:$N$13,$Q35)="",INDEX('합격 기준 수치표'!$O$6:$O$13,$Q35)=""),"-",IF(M35="","N/A",IF(OR(AND(INDEX('합격 기준 수치표'!$N$6:$N$13,$Q35)<>"",M35<INDEX('합격 기준 수치표'!$N$6:$N$13,$Q35)),AND(INDEX('합격 기준 수치표'!$O$6:$O$13,$Q35)<>"",M35>INDEX('합격 기준 수치표'!$O$6:$O$13,$Q35))),"X","OK"))))) | Y35: =IF($A35="","",IF($Q35=0,"?",IF(AND(INDEX('합격 기준 수치표'!$P$6:$P$13,$Q35)="",INDEX('합격 기준 수치표'!$Q$6:$Q$13,$Q35)=""),"-",IF(N35="","N/A",IF(OR(AND(INDEX('합격 기준 수치표'!$P$6:$P$13,$Q35)<>"",N35<INDEX('합격 기준 수치표'!$P$6:$P$13,$Q35)),AND(INDEX('합격 기준 수치표'!$Q$6:$Q$13,$Q35)<>"",N35>INDEX('합격 기준 수치표'!$Q$6:$Q$13,$Q35))),"X","OK"))))) | Z35: =IF($A35="","",COUNTIF($S35:$Y35,"X")+IF($R35="X",1,0)) | AA35: =IF($A35="","",IF($Q35=0,"자세명 확인",IF($Z35=0,"PASS","FAIL")))
Q36: =IF($A36="","",IFERROR(MATCH($C36,'합격 기준 수치표'!$B$6:$B$13,0),0)) | R36: =IF($A36="","",IF(AND(E36>='합격 기준 수치표'!$D$17,F36>='합격 기준 수치표'!$D$18,F36<='합격 기준 수치표'!$D$19,G36>='합격 기준 수치표'!$D$20,G36<='합격 기준 수치표'!$D$21,P36<='합격 기준 수치표'!$D$23,OR(H36<='합격 기준 수치표'!$D$24,O36="",O36<='합격 기준 수치표'!$D$22)),"OK","X")) | S36: =IF($A36="","",IF($Q36=0,"?",IF(AND(INDEX('합격 기준 수치표'!$D$6:$D$13,$Q36)="",INDEX('합격 기준 수치표'!$E$6:$E$13,$Q36)=""),"-",IF(H36="","N/A",IF(OR(AND(INDEX('합격 기준 수치표'!$D$6:$D$13,$Q36)<>"",H36<INDEX('합격 기준 수치표'!$D$6:$D$13,$Q36)),AND(INDEX('합격 기준 수치표'!$E$6:$E$13,$Q36)<>"",H36>INDEX('합격 기준 수치표'!$E$6:$E$13,$Q36))),"X","OK"))))) | T36: =IF($A36="","",IF($Q36=0,"?",IF(AND(INDEX('합격 기준 수치표'!$F$6:$F$13,$Q36)="",INDEX('합격 기준 수치표'!$G$6:$G$13,$Q36)=""),"-",IF(I36="","N/A",IF(OR(AND(INDEX('합격 기준 수치표'!$F$6:$F$13,$Q36)<>"",I36<INDEX('합격 기준 수치표'!$F$6:$F$13,$Q36)),AND(INDEX('합격 기준 수치표'!$G$6:$G$13,$Q36)<>"",I36>INDEX('합격 기준 수치표'!$G$6:$G$13,$Q36))),"X","OK"))))) | U36: =IF($A36="","",IF($Q36=0,"?",IF(AND(INDEX('합격 기준 수치표'!$H$6:$H$13,$Q36)="",INDEX('합격 기준 수치표'!$I$6:$I$13,$Q36)=""),"-",IF(J36="","N/A",IF(OR(AND(INDEX('합격 기준 수치표'!$H$6:$H$13,$Q36)<>"",J36<INDEX('합격 기준 수치표'!$H$6:$H$13,$Q36)),AND(INDEX('합격 기준 수치표'!$I$6:$I$13,$Q36)<>"",J36>INDEX('합격 기준 수치표'!$I$6:$I$13,$Q36))),"X","OK"))))) | V36: =IF($A36="","",IF($Q36=0,"?",IF(AND(INDEX('합격 기준 수치표'!$J$6:$J$13,$Q36)="",INDEX('합격 기준 수치표'!$K$6:$K$13,$Q36)=""),"-",IF(K36="","N/A",IF(OR(AND(INDEX('합격 기준 수치표'!$J$6:$J$13,$Q36)<>"",K36<INDEX('합격 기준 수치표'!$J$6:$J$13,$Q36)),AND(INDEX('합격 기준 수치표'!$K$6:$K$13,$Q36)<>"",K36>INDEX('합격 기준 수치표'!$K$6:$K$13,$Q36))),"X","OK"))))) | W36: =IF($A36="","",IF($Q36=0,"?",IF(AND(INDEX('합격 기준 수치표'!$L$6:$L$13,$Q36)="",INDEX('합격 기준 수치표'!$M$6:$M$13,$Q36)=""),"-",IF(L36="","N/A",IF(OR(AND(INDEX('합격 기준 수치표'!$L$6:$L$13,$Q36)<>"",L36<INDEX('합격 기준 수치표'!$L$6:$L$13,$Q36)),AND(INDEX('합격 기준 수치표'!$M$6:$M$13,$Q36)<>"",L36>INDEX('합격 기준 수치표'!$M$6:$M$13,$Q36))),"X","OK"))))) | X36: =IF($A36="","",IF($Q36=0,"?",IF(AND(INDEX('합격 기준 수치표'!$N$6:$N$13,$Q36)="",INDEX('합격 기준 수치표'!$O$6:$O$13,$Q36)=""),"-",IF(M36="","N/A",IF(OR(AND(INDEX('합격 기준 수치표'!$N$6:$N$13,$Q36)<>"",M36<INDEX('합격 기준 수치표'!$N$6:$N$13,$Q36)),AND(INDEX('합격 기준 수치표'!$O$6:$O$13,$Q36)<>"",M36>INDEX('합격 기준 수치표'!$O$6:$O$13,$Q36))),"X","OK"))))) | Y36: =IF($A36="","",IF($Q36=0,"?",IF(AND(INDEX('합격 기준 수치표'!$P$6:$P$13,$Q36)="",INDEX('합격 기준 수치표'!$Q$6:$Q$13,$Q36)=""),"-",IF(N36="","N/A",IF(OR(AND(INDEX('합격 기준 수치표'!$P$6:$P$13,$Q36)<>"",N36<INDEX('합격 기준 수치표'!$P$6:$P$13,$Q36)),AND(INDEX('합격 기준 수치표'!$Q$6:$Q$13,$Q36)<>"",N36>INDEX('합격 기준 수치표'!$Q$6:$Q$13,$Q36))),"X","OK"))))) | Z36: =IF($A36="","",COUNTIF($S36:$Y36,"X")+IF($R36="X",1,0)) | AA36: =IF($A36="","",IF($Q36=0,"자세명 확인",IF($Z36=0,"PASS","FAIL")))
Q37: =IF($A37="","",IFERROR(MATCH($C37,'합격 기준 수치표'!$B$6:$B$13,0),0)) | R37: =IF($A37="","",IF(AND(E37>='합격 기준 수치표'!$D$17,F37>='합격 기준 수치표'!$D$18,F37<='합격 기준 수치표'!$D$19,G37>='합격 기준 수치표'!$D$20,G37<='합격 기준 수치표'!$D$21,P37<='합격 기준 수치표'!$D$23,OR(H37<='합격 기준 수치표'!$D$24,O37="",O37<='합격 기준 수치표'!$D$22)),"OK","X")) | S37: =IF($A37="","",IF($Q37=0,"?",IF(AND(INDEX('합격 기준 수치표'!$D$6:$D$13,$Q37)="",INDEX('합격 기준 수치표'!$E$6:$E$13,$Q37)=""),"-",IF(H37="","N/A",IF(OR(AND(INDEX('합격 기준 수치표'!$D$6:$D$13,$Q37)<>"",H37<INDEX('합격 기준 수치표'!$D$6:$D$13,$Q37)),AND(INDEX('합격 기준 수치표'!$E$6:$E$13,$Q37)<>"",H37>INDEX('합격 기준 수치표'!$E$6:$E$13,$Q37))),"X","OK"))))) | T37: =IF($A37="","",IF($Q37=0,"?",IF(AND(INDEX('합격 기준 수치표'!$F$6:$F$13,$Q37)="",INDEX('합격 기준 수치표'!$G$6:$G$13,$Q37)=""),"-",IF(I37="","N/A",IF(OR(AND(INDEX('합격 기준 수치표'!$F$6:$F$13,$Q37)<>"",I37<INDEX('합격 기준 수치표'!$F$6:$F$13,$Q37)),AND(INDEX('합격 기준 수치표'!$G$6:$G$13,$Q37)<>"",I37>INDEX('합격 기준 수치표'!$G$6:$G$13,$Q37))),"X","OK"))))) | U37: =IF($A37="","",IF($Q37=0,"?",IF(AND(INDEX('합격 기준 수치표'!$H$6:$H$13,$Q37)="",INDEX('합격 기준 수치표'!$I$6:$I$13,$Q37)=""),"-",IF(J37="","N/A",IF(OR(AND(INDEX('합격 기준 수치표'!$H$6:$H$13,$Q37)<>"",J37<INDEX('합격 기준 수치표'!$H$6:$H$13,$Q37)),AND(INDEX('합격 기준 수치표'!$I$6:$I$13,$Q37)<>"",J37>INDEX('합격 기준 수치표'!$I$6:$I$13,$Q37))),"X","OK"))))) | V37: =IF($A37="","",IF($Q37=0,"?",IF(AND(INDEX('합격 기준 수치표'!$J$6:$J$13,$Q37)="",INDEX('합격 기준 수치표'!$K$6:$K$13,$Q37)=""),"-",IF(K37="","N/A",IF(OR(AND(INDEX('합격 기준 수치표'!$J$6:$J$13,$Q37)<>"",K37<INDEX('합격 기준 수치표'!$J$6:$J$13,$Q37)),AND(INDEX('합격 기준 수치표'!$K$6:$K$13,$Q37)<>"",K37>INDEX('합격 기준 수치표'!$K$6:$K$13,$Q37))),"X","OK"))))) | W37: =IF($A37="","",IF($Q37=0,"?",IF(AND(INDEX('합격 기준 수치표'!$L$6:$L$13,$Q37)="",INDEX('합격 기준 수치표'!$M$6:$M$13,$Q37)=""),"-",IF(L37="","N/A",IF(OR(AND(INDEX('합격 기준 수치표'!$L$6:$L$13,$Q37)<>"",L37<INDEX('합격 기준 수치표'!$L$6:$L$13,$Q37)),AND(INDEX('합격 기준 수치표'!$M$6:$M$13,$Q37)<>"",L37>INDEX('합격 기준 수치표'!$M$6:$M$13,$Q37))),"X","OK"))))) | X37: =IF($A37="","",IF($Q37=0,"?",IF(AND(INDEX('합격 기준 수치표'!$N$6:$N$13,$Q37)="",INDEX('합격 기준 수치표'!$O$6:$O$13,$Q37)=""),"-",IF(M37="","N/A",IF(OR(AND(INDEX('합격 기준 수치표'!$N$6:$N$13,$Q37)<>"",M37<INDEX('합격 기준 수치표'!$N$6:$N$13,$Q37)),AND(INDEX('합격 기준 수치표'!$O$6:$O$13,$Q37)<>"",M37>INDEX('합격 기준 수치표'!$O$6:$O$13,$Q37))),"X","OK"))))) | Y37: =IF($A37="","",IF($Q37=0,"?",IF(AND(INDEX('합격 기준 수치표'!$P$6:$P$13,$Q37)="",INDEX('합격 기준 수치표'!$Q$6:$Q$13,$Q37)=""),"-",IF(N37="","N/A",IF(OR(AND(INDEX('합격 기준 수치표'!$P$6:$P$13,$Q37)<>"",N37<INDEX('합격 기준 수치표'!$P$6:$P$13,$Q37)),AND(INDEX('합격 기준 수치표'!$Q$6:$Q$13,$Q37)<>"",N37>INDEX('합격 기준 수치표'!$Q$6:$Q$13,$Q37))),"X","OK"))))) | Z37: =IF($A37="","",COUNTIF($S37:$Y37,"X")+IF($R37="X",1,0)) | AA37: =IF($A37="","",IF($Q37=0,"자세명 확인",IF($Z37=0,"PASS","FAIL")))
Q38: =IF($A38="","",IFERROR(MATCH($C38,'합격 기준 수치표'!$B$6:$B$13,0),0)) | R38: =IF($A38="","",IF(AND(E38>='합격 기준 수치표'!$D$17,F38>='합격 기준 수치표'!$D$18,F38<='합격 기준 수치표'!$D$19,G38>='합격 기준 수치표'!$D$20,G38<='합격 기준 수치표'!$D$21,P38<='합격 기준 수치표'!$D$23,OR(H38<='합격 기준 수치표'!$D$24,O38="",O38<='합격 기준 수치표'!$D$22)),"OK","X")) | S38: =IF($A38="","",IF($Q38=0,"?",IF(AND(INDEX('합격 기준 수치표'!$D$6:$D$13,$Q38)="",INDEX('합격 기준 수치표'!$E$6:$E$13,$Q38)=""),"-",IF(H38="","N/A",IF(OR(AND(INDEX('합격 기준 수치표'!$D$6:$D$13,$Q38)<>"",H38<INDEX('합격 기준 수치표'!$D$6:$D$13,$Q38)),AND(INDEX('합격 기준 수치표'!$E$6:$E$13,$Q38)<>"",H38>INDEX('합격 기준 수치표'!$E$6:$E$13,$Q38))),"X","OK"))))) | T38: =IF($A38="","",IF($Q38=0,"?",IF(AND(INDEX('합격 기준 수치표'!$F$6:$F$13,$Q38)="",INDEX('합격 기준 수치표'!$G$6:$G$13,$Q38)=""),"-",IF(I38="","N/A",IF(OR(AND(INDEX('합격 기준 수치표'!$F$6:$F$13,$Q38)<>"",I38<INDEX('합격 기준 수치표'!$F$6:$F$13,$Q38)),AND(INDEX('합격 기준 수치표'!$G$6:$G$13,$Q38)<>"",I38>INDEX('합격 기준 수치표'!$G$6:$G$13,$Q38))),"X","OK"))))) | U38: =IF($A38="","",IF($Q38=0,"?",IF(AND(INDEX('합격 기준 수치표'!$H$6:$H$13,$Q38)="",INDEX('합격 기준 수치표'!$I$6:$I$13,$Q38)=""),"-",IF(J38="","N/A",IF(OR(AND(INDEX('합격 기준 수치표'!$H$6:$H$13,$Q38)<>"",J38<INDEX('합격 기준 수치표'!$H$6:$H$13,$Q38)),AND(INDEX('합격 기준 수치표'!$I$6:$I$13,$Q38)<>"",J38>INDEX('합격 기준 수치표'!$I$6:$I$13,$Q38))),"X","OK"))))) | V38: =IF($A38="","",IF($Q38=0,"?",IF(AND(INDEX('합격 기준 수치표'!$J$6:$J$13,$Q38)="",INDEX('합격 기준 수치표'!$K$6:$K$13,$Q38)=""),"-",IF(K38="","N/A",IF(OR(AND(INDEX('합격 기준 수치표'!$J$6:$J$13,$Q38)<>"",K38<INDEX('합격 기준 수치표'!$J$6:$J$13,$Q38)),AND(INDEX('합격 기준 수치표'!$K$6:$K$13,$Q38)<>"",K38>INDEX('합격 기준 수치표'!$K$6:$K$13,$Q38))),"X","OK"))))) | W38: =IF($A38="","",IF($Q38=0,"?",IF(AND(INDEX('합격 기준 수치표'!$L$6:$L$13,$Q38)="",INDEX('합격 기준 수치표'!$M$6:$M$13,$Q38)=""),"-",IF(L38="","N/A",IF(OR(AND(INDEX('합격 기준 수치표'!$L$6:$L$13,$Q38)<>"",L38<INDEX('합격 기준 수치표'!$L$6:$L$13,$Q38)),AND(INDEX('합격 기준 수치표'!$M$6:$M$13,$Q38)<>"",L38>INDEX('합격 기준 수치표'!$M$6:$M$13,$Q38))),"X","OK"))))) | X38: =IF($A38="","",IF($Q38=0,"?",IF(AND(INDEX('합격 기준 수치표'!$N$6:$N$13,$Q38)="",INDEX('합격 기준 수치표'!$O$6:$O$13,$Q38)=""),"-",IF(M38="","N/A",IF(OR(AND(INDEX('합격 기준 수치표'!$N$6:$N$13,$Q38)<>"",M38<INDEX('합격 기준 수치표'!$N$6:$N$13,$Q38)),AND(INDEX('합격 기준 수치표'!$O$6:$O$13,$Q38)<>"",M38>INDEX('합격 기준 수치표'!$O$6:$O$13,$Q38))),"X","OK"))))) | Y38: =IF($A38="","",IF($Q38=0,"?",IF(AND(INDEX('합격 기준 수치표'!$P$6:$P$13,$Q38)="",INDEX('합격 기준 수치표'!$Q$6:$Q$13,$Q38)=""),"-",IF(N38="","N/A",IF(OR(AND(INDEX('합격 기준 수치표'!$P$6:$P$13,$Q38)<>"",N38<INDEX('합격 기준 수치표'!$P$6:$P$13,$Q38)),AND(INDEX('합격 기준 수치표'!$Q$6:$Q$13,$Q38)<>"",N38>INDEX('합격 기준 수치표'!$Q$6:$Q$13,$Q38))),"X","OK"))))) | Z38: =IF($A38="","",COUNTIF($S38:$Y38,"X")+IF($R38="X",1,0)) | AA38: =IF($A38="","",IF($Q38=0,"자세명 확인",IF($Z38=0,"PASS","FAIL")))
Q39: =IF($A39="","",IFERROR(MATCH($C39,'합격 기준 수치표'!$B$6:$B$13,0),0)) | R39: =IF($A39="","",IF(AND(E39>='합격 기준 수치표'!$D$17,F39>='합격 기준 수치표'!$D$18,F39<='합격 기준 수치표'!$D$19,G39>='합격 기준 수치표'!$D$20,G39<='합격 기준 수치표'!$D$21,P39<='합격 기준 수치표'!$D$23,OR(H39<='합격 기준 수치표'!$D$24,O39="",O39<='합격 기준 수치표'!$D$22)),"OK","X")) | S39: =IF($A39="","",IF($Q39=0,"?",IF(AND(INDEX('합격 기준 수치표'!$D$6:$D$13,$Q39)="",INDEX('합격 기준 수치표'!$E$6:$E$13,$Q39)=""),"-",IF(H39="","N/A",IF(OR(AND(INDEX('합격 기준 수치표'!$D$6:$D$13,$Q39)<>"",H39<INDEX('합격 기준 수치표'!$D$6:$D$13,$Q39)),AND(INDEX('합격 기준 수치표'!$E$6:$E$13,$Q39)<>"",H39>INDEX('합격 기준 수치표'!$E$6:$E$13,$Q39))),"X","OK"))))) | T39: =IF($A39="","",IF($Q39=0,"?",IF(AND(INDEX('합격 기준 수치표'!$F$6:$F$13,$Q39)="",INDEX('합격 기준 수치표'!$G$6:$G$13,$Q39)=""),"-",IF(I39="","N/A",IF(OR(AND(INDEX('합격 기준 수치표'!$F$6:$F$13,$Q39)<>"",I39<INDEX('합격 기준 수치표'!$F$6:$F$13,$Q39)),AND(INDEX('합격 기준 수치표'!$G$6:$G$13,$Q39)<>"",I39>INDEX('합격 기준 수치표'!$G$6:$G$13,$Q39))),"X","OK"))))) | U39: =IF($A39="","",IF($Q39=0,"?",IF(AND(INDEX('합격 기준 수치표'!$H$6:$H$13,$Q39)="",INDEX('합격 기준 수치표'!$I$6:$I$13,$Q39)=""),"-",IF(J39="","N/A",IF(OR(AND(INDEX('합격 기준 수치표'!$H$6:$H$13,$Q39)<>"",J39<INDEX('합격 기준 수치표'!$H$6:$H$13,$Q39)),AND(INDEX('합격 기준 수치표'!$I$6:$I$13,$Q39)<>"",J39>INDEX('합격 기준 수치표'!$I$6:$I$13,$Q39))),"X","OK"))))) | V39: =IF($A39="","",IF($Q39=0,"?",IF(AND(INDEX('합격 기준 수치표'!$J$6:$J$13,$Q39)="",INDEX('합격 기준 수치표'!$K$6:$K$13,$Q39)=""),"-",IF(K39="","N/A",IF(OR(AND(INDEX('합격 기준 수치표'!$J$6:$J$13,$Q39)<>"",K39<INDEX('합격 기준 수치표'!$J$6:$J$13,$Q39)),AND(INDEX('합격 기준 수치표'!$K$6:$K$13,$Q39)<>"",K39>INDEX('합격 기준 수치표'!$K$6:$K$13,$Q39))),"X","OK"))))) | W39: =IF($A39="","",IF($Q39=0,"?",IF(AND(INDEX('합격 기준 수치표'!$L$6:$L$13,$Q39)="",INDEX('합격 기준 수치표'!$M$6:$M$13,$Q39)=""),"-",IF(L39="","N/A",IF(OR(AND(INDEX('합격 기준 수치표'!$L$6:$L$13,$Q39)<>"",L39<INDEX('합격 기준 수치표'!$L$6:$L$13,$Q39)),AND(INDEX('합격 기준 수치표'!$M$6:$M$13,$Q39)<>"",L39>INDEX('합격 기준 수치표'!$M$6:$M$13,$Q39))),"X","OK"))))) | X39: =IF($A39="","",IF($Q39=0,"?",IF(AND(INDEX('합격 기준 수치표'!$N$6:$N$13,$Q39)="",INDEX('합격 기준 수치표'!$O$6:$O$13,$Q39)=""),"-",IF(M39="","N/A",IF(OR(AND(INDEX('합격 기준 수치표'!$N$6:$N$13,$Q39)<>"",M39<INDEX('합격 기준 수치표'!$N$6:$N$13,$Q39)),AND(INDEX('합격 기준 수치표'!$O$6:$O$13,$Q39)<>"",M39>INDEX('합격 기준 수치표'!$O$6:$O$13,$Q39))),"X","OK"))))) | Y39: =IF($A39="","",IF($Q39=0,"?",IF(AND(INDEX('합격 기준 수치표'!$P$6:$P$13,$Q39)="",INDEX('합격 기준 수치표'!$Q$6:$Q$13,$Q39)=""),"-",IF(N39="","N/A",IF(OR(AND(INDEX('합격 기준 수치표'!$P$6:$P$13,$Q39)<>"",N39<INDEX('합격 기준 수치표'!$P$6:$P$13,$Q39)),AND(INDEX('합격 기준 수치표'!$Q$6:$Q$13,$Q39)<>"",N39>INDEX('합격 기준 수치표'!$Q$6:$Q$13,$Q39))),"X","OK"))))) | Z39: =IF($A39="","",COUNTIF($S39:$Y39,"X")+IF($R39="X",1,0)) | AA39: =IF($A39="","",IF($Q39=0,"자세명 확인",IF($Z39=0,"PASS","FAIL")))
Q40: =IF($A40="","",IFERROR(MATCH($C40,'합격 기준 수치표'!$B$6:$B$13,0),0)) | R40: =IF($A40="","",IF(AND(E40>='합격 기준 수치표'!$D$17,F40>='합격 기준 수치표'!$D$18,F40<='합격 기준 수치표'!$D$19,G40>='합격 기준 수치표'!$D$20,G40<='합격 기준 수치표'!$D$21,P40<='합격 기준 수치표'!$D$23,OR(H40<='합격 기준 수치표'!$D$24,O40="",O40<='합격 기준 수치표'!$D$22)),"OK","X")) | S40: =IF($A40="","",IF($Q40=0,"?",IF(AND(INDEX('합격 기준 수치표'!$D$6:$D$13,$Q40)="",INDEX('합격 기준 수치표'!$E$6:$E$13,$Q40)=""),"-",IF(H40="","N/A",IF(OR(AND(INDEX('합격 기준 수치표'!$D$6:$D$13,$Q40)<>"",H40<INDEX('합격 기준 수치표'!$D$6:$D$13,$Q40)),AND(INDEX('합격 기준 수치표'!$E$6:$E$13,$Q40)<>"",H40>INDEX('합격 기준 수치표'!$E$6:$E$13,$Q40))),"X","OK"))))) | T40: =IF($A40="","",IF($Q40=0,"?",IF(AND(INDEX('합격 기준 수치표'!$F$6:$F$13,$Q40)="",INDEX('합격 기준 수치표'!$G$6:$G$13,$Q40)=""),"-",IF(I40="","N/A",IF(OR(AND(INDEX('합격 기준 수치표'!$F$6:$F$13,$Q40)<>"",I40<INDEX('합격 기준 수치표'!$F$6:$F$13,$Q40)),AND(INDEX('합격 기준 수치표'!$G$6:$G$13,$Q40)<>"",I40>INDEX('합격 기준 수치표'!$G$6:$G$13,$Q40))),"X","OK"))))) | U40: =IF($A40="","",IF($Q40=0,"?",IF(AND(INDEX('합격 기준 수치표'!$H$6:$H$13,$Q40)="",INDEX('합격 기준 수치표'!$I$6:$I$13,$Q40)=""),"-",IF(J40="","N/A",IF(OR(AND(INDEX('합격 기준 수치표'!$H$6:$H$13,$Q40)<>"",J40<INDEX('합격 기준 수치표'!$H$6:$H$13,$Q40)),AND(INDEX('합격 기준 수치표'!$I$6:$I$13,$Q40)<>"",J40>INDEX('합격 기준 수치표'!$I$6:$I$13,$Q40))),"X","OK"))))) | V40: =IF($A40="","",IF($Q40=0,"?",IF(AND(INDEX('합격 기준 수치표'!$J$6:$J$13,$Q40)="",INDEX('합격 기준 수치표'!$K$6:$K$13,$Q40)=""),"-",IF(K40="","N/A",IF(OR(AND(INDEX('합격 기준 수치표'!$J$6:$J$13,$Q40)<>"",K40<INDEX('합격 기준 수치표'!$J$6:$J$13,$Q40)),AND(INDEX('합격 기준 수치표'!$K$6:$K$13,$Q40)<>"",K40>INDEX('합격 기준 수치표'!$K$6:$K$13,$Q40))),"X","OK"))))) | W40: =IF($A40="","",IF($Q40=0,"?",IF(AND(INDEX('합격 기준 수치표'!$L$6:$L$13,$Q40)="",INDEX('합격 기준 수치표'!$M$6:$M$13,$Q40)=""),"-",IF(L40="","N/A",IF(OR(AND(INDEX('합격 기준 수치표'!$L$6:$L$13,$Q40)<>"",L40<INDEX('합격 기준 수치표'!$L$6:$L$13,$Q40)),AND(INDEX('합격 기준 수치표'!$M$6:$M$13,$Q40)<>"",L40>INDEX('합격 기준 수치표'!$M$6:$M$13,$Q40))),"X","OK"))))) | X40: =IF($A40="","",IF($Q40=0,"?",IF(AND(INDEX('합격 기준 수치표'!$N$6:$N$13,$Q40)="",INDEX('합격 기준 수치표'!$O$6:$O$13,$Q40)=""),"-",IF(M40="","N/A",IF(OR(AND(INDEX('합격 기준 수치표'!$N$6:$N$13,$Q40)<>"",M40<INDEX('합격 기준 수치표'!$N$6:$N$13,$Q40)),AND(INDEX('합격 기준 수치표'!$O$6:$O$13,$Q40)<>"",M40>INDEX('합격 기준 수치표'!$O$6:$O$13,$Q40))),"X","OK"))))) | Y40: =IF($A40="","",IF($Q40=0,"?",IF(AND(INDEX('합격 기준 수치표'!$P$6:$P$13,$Q40)="",INDEX('합격 기준 수치표'!$Q$6:$Q$13,$Q40)=""),"-",IF(N40="","N/A",IF(OR(AND(INDEX('합격 기준 수치표'!$P$6:$P$13,$Q40)<>"",N40<INDEX('합격 기준 수치표'!$P$6:$P$13,$Q40)),AND(INDEX('합격 기준 수치표'!$Q$6:$Q$13,$Q40)<>"",N40>INDEX('합격 기준 수치표'!$Q$6:$Q$13,$Q40))),"X","OK"))))) | Z40: =IF($A40="","",COUNTIF($S40:$Y40,"X")+IF($R40="X",1,0)) | AA40: =IF($A40="","",IF($Q40=0,"자세명 확인",IF($Z40=0,"PASS","FAIL")))
Q41: =IF($A41="","",IFERROR(MATCH($C41,'합격 기준 수치표'!$B$6:$B$13,0),0)) | R41: =IF($A41="","",IF(AND(E41>='합격 기준 수치표'!$D$17,F41>='합격 기준 수치표'!$D$18,F41<='합격 기준 수치표'!$D$19,G41>='합격 기준 수치표'!$D$20,G41<='합격 기준 수치표'!$D$21,P41<='합격 기준 수치표'!$D$23,OR(H41<='합격 기준 수치표'!$D$24,O41="",O41<='합격 기준 수치표'!$D$22)),"OK","X")) | S41: =IF($A41="","",IF($Q41=0,"?",IF(AND(INDEX('합격 기준 수치표'!$D$6:$D$13,$Q41)="",INDEX('합격 기준 수치표'!$E$6:$E$13,$Q41)=""),"-",IF(H41="","N/A",IF(OR(AND(INDEX('합격 기준 수치표'!$D$6:$D$13,$Q41)<>"",H41<INDEX('합격 기준 수치표'!$D$6:$D$13,$Q41)),AND(INDEX('합격 기준 수치표'!$E$6:$E$13,$Q41)<>"",H41>INDEX('합격 기준 수치표'!$E$6:$E$13,$Q41))),"X","OK"))))) | T41: =IF($A41="","",IF($Q41=0,"?",IF(AND(INDEX('합격 기준 수치표'!$F$6:$F$13,$Q41)="",INDEX('합격 기준 수치표'!$G$6:$G$13,$Q41)=""),"-",IF(I41="","N/A",IF(OR(AND(INDEX('합격 기준 수치표'!$F$6:$F$13,$Q41)<>"",I41<INDEX('합격 기준 수치표'!$F$6:$F$13,$Q41)),AND(INDEX('합격 기준 수치표'!$G$6:$G$13,$Q41)<>"",I41>INDEX('합격 기준 수치표'!$G$6:$G$13,$Q41))),"X","OK"))))) | U41: =IF($A41="","",IF($Q41=0,"?",IF(AND(INDEX('합격 기준 수치표'!$H$6:$H$13,$Q41)="",INDEX('합격 기준 수치표'!$I$6:$I$13,$Q41)=""),"-",IF(J41="","N/A",IF(OR(AND(INDEX('합격 기준 수치표'!$H$6:$H$13,$Q41)<>"",J41<INDEX('합격 기준 수치표'!$H$6:$H$13,$Q41)),AND(INDEX('합격 기준 수치표'!$I$6:$I$13,$Q41)<>"",J41>INDEX('합격 기준 수치표'!$I$6:$I$13,$Q41))),"X","OK"))))) | V41: =IF($A41="","",IF($Q41=0,"?",IF(AND(INDEX('합격 기준 수치표'!$J$6:$J$13,$Q41)="",INDEX('합격 기준 수치표'!$K$6:$K$13,$Q41)=""),"-",IF(K41="","N/A",IF(OR(AND(INDEX('합격 기준 수치표'!$J$6:$J$13,$Q41)<>"",K41<INDEX('합격 기준 수치표'!$J$6:$J$13,$Q41)),AND(INDEX('합격 기준 수치표'!$K$6:$K$13,$Q41)<>"",K41>INDEX('합격 기준 수치표'!$K$6:$K$13,$Q41))),"X","OK"))))) | W41: =IF($A41="","",IF($Q41=0,"?",IF(AND(INDEX('합격 기준 수치표'!$L$6:$L$13,$Q41)="",INDEX('합격 기준 수치표'!$M$6:$M$13,$Q41)=""),"-",IF(L41="","N/A",IF(OR(AND(INDEX('합격 기준 수치표'!$L$6:$L$13,$Q41)<>"",L41<INDEX('합격 기준 수치표'!$L$6:$L$13,$Q41)),AND(INDEX('합격 기준 수치표'!$M$6:$M$13,$Q41)<>"",L41>INDEX('합격 기준 수치표'!$M$6:$M$13,$Q41))),"X","OK"))))) | X41: =IF($A41="","",IF($Q41=0,"?",IF(AND(INDEX('합격 기준 수치표'!$N$6:$N$13,$Q41)="",INDEX('합격 기준 수치표'!$O$6:$O$13,$Q41)=""),"-",IF(M41="","N/A",IF(OR(AND(INDEX('합격 기준 수치표'!$N$6:$N$13,$Q41)<>"",M41<INDEX('합격 기준 수치표'!$N$6:$N$13,$Q41)),AND(INDEX('합격 기준 수치표'!$O$6:$O$13,$Q41)<>"",M41>INDEX('합격 기준 수치표'!$O$6:$O$13,$Q41))),"X","OK"))))) | Y41: =IF($A41="","",IF($Q41=0,"?",IF(AND(INDEX('합격 기준 수치표'!$P$6:$P$13,$Q41)="",INDEX('합격 기준 수치표'!$Q$6:$Q$13,$Q41)=""),"-",IF(N41="","N/A",IF(OR(AND(INDEX('합격 기준 수치표'!$P$6:$P$13,$Q41)<>"",N41<INDEX('합격 기준 수치표'!$P$6:$P$13,$Q41)),AND(INDEX('합격 기준 수치표'!$Q$6:$Q$13,$Q41)<>"",N41>INDEX('합격 기준 수치표'!$Q$6:$Q$13,$Q41))),"X","OK"))))) | Z41: =IF($A41="","",COUNTIF($S41:$Y41,"X")+IF($R41="X",1,0)) | AA41: =IF($A41="","",IF($Q41=0,"자세명 확인",IF($Z41=0,"PASS","FAIL")))
Q42: =IF($A42="","",IFERROR(MATCH($C42,'합격 기준 수치표'!$B$6:$B$13,0),0)) | R42: =IF($A42="","",IF(AND(E42>='합격 기준 수치표'!$D$17,F42>='합격 기준 수치표'!$D$18,F42<='합격 기준 수치표'!$D$19,G42>='합격 기준 수치표'!$D$20,G42<='합격 기준 수치표'!$D$21,P42<='합격 기준 수치표'!$D$23,OR(H42<='합격 기준 수치표'!$D$24,O42="",O42<='합격 기준 수치표'!$D$22)),"OK","X")) | S42: =IF($A42="","",IF($Q42=0,"?",IF(AND(INDEX('합격 기준 수치표'!$D$6:$D$13,$Q42)="",INDEX('합격 기준 수치표'!$E$6:$E$13,$Q42)=""),"-",IF(H42="","N/A",IF(OR(AND(INDEX('합격 기준 수치표'!$D$6:$D$13,$Q42)<>"",H42<INDEX('합격 기준 수치표'!$D$6:$D$13,$Q42)),AND(INDEX('합격 기준 수치표'!$E$6:$E$13,$Q42)<>"",H42>INDEX('합격 기준 수치표'!$E$6:$E$13,$Q42))),"X","OK"))))) | T42: =IF($A42="","",IF($Q42=0,"?",IF(AND(INDEX('합격 기준 수치표'!$F$6:$F$13,$Q42)="",INDEX('합격 기준 수치표'!$G$6:$G$13,$Q42)=""),"-",IF(I42="","N/A",IF(OR(AND(INDEX('합격 기준 수치표'!$F$6:$F$13,$Q42)<>"",I42<INDEX('합격 기준 수치표'!$F$6:$F$13,$Q42)),AND(INDEX('합격 기준 수치표'!$G$6:$G$13,$Q42)<>"",I42>INDEX('합격 기준 수치표'!$G$6:$G$13,$Q42))),"X","OK"))))) | U42: =IF($A42="","",IF($Q42=0,"?",IF(AND(INDEX('합격 기준 수치표'!$H$6:$H$13,$Q42)="",INDEX('합격 기준 수치표'!$I$6:$I$13,$Q42)=""),"-",IF(J42="","N/A",IF(OR(AND(INDEX('합격 기준 수치표'!$H$6:$H$13,$Q42)<>"",J42<INDEX('합격 기준 수치표'!$H$6:$H$13,$Q42)),AND(INDEX('합격 기준 수치표'!$I$6:$I$13,$Q42)<>"",J42>INDEX('합격 기준 수치표'!$I$6:$I$13,$Q42))),"X","OK"))))) | V42: =IF($A42="","",IF($Q42=0,"?",IF(AND(INDEX('합격 기준 수치표'!$J$6:$J$13,$Q42)="",INDEX('합격 기준 수치표'!$K$6:$K$13,$Q42)=""),"-",IF(K42="","N/A",IF(OR(AND(INDEX('합격 기준 수치표'!$J$6:$J$13,$Q42)<>"",K42<INDEX('합격 기준 수치표'!$J$6:$J$13,$Q42)),AND(INDEX('합격 기준 수치표'!$K$6:$K$13,$Q42)<>"",K42>INDEX('합격 기준 수치표'!$K$6:$K$13,$Q42))),"X","OK"))))) | W42: =IF($A42="","",IF($Q42=0,"?",IF(AND(INDEX('합격 기준 수치표'!$L$6:$L$13,$Q42)="",INDEX('합격 기준 수치표'!$M$6:$M$13,$Q42)=""),"-",IF(L42="","N/A",IF(OR(AND(INDEX('합격 기준 수치표'!$L$6:$L$13,$Q42)<>"",L42<INDEX('합격 기준 수치표'!$L$6:$L$13,$Q42)),AND(INDEX('합격 기준 수치표'!$M$6:$M$13,$Q42)<>"",L42>INDEX('합격 기준 수치표'!$M$6:$M$13,$Q42))),"X","OK"))))) | X42: =IF($A42="","",IF($Q42=0,"?",IF(AND(INDEX('합격 기준 수치표'!$N$6:$N$13,$Q42)="",INDEX('합격 기준 수치표'!$O$6:$O$13,$Q42)=""),"-",IF(M42="","N/A",IF(OR(AND(INDEX('합격 기준 수치표'!$N$6:$N$13,$Q42)<>"",M42<INDEX('합격 기준 수치표'!$N$6:$N$13,$Q42)),AND(INDEX('합격 기준 수치표'!$O$6:$O$13,$Q42)<>"",M42>INDEX('합격 기준 수치표'!$O$6:$O$13,$Q42))),"X","OK"))))) | Y42: =IF($A42="","",IF($Q42=0,"?",IF(AND(INDEX('합격 기준 수치표'!$P$6:$P$13,$Q42)="",INDEX('합격 기준 수치표'!$Q$6:$Q$13,$Q42)=""),"-",IF(N42="","N/A",IF(OR(AND(INDEX('합격 기준 수치표'!$P$6:$P$13,$Q42)<>"",N42<INDEX('합격 기준 수치표'!$P$6:$P$13,$Q42)),AND(INDEX('합격 기준 수치표'!$Q$6:$Q$13,$Q42)<>"",N42>INDEX('합격 기준 수치표'!$Q$6:$Q$13,$Q42))),"X","OK"))))) | Z42: =IF($A42="","",COUNTIF($S42:$Y42,"X")+IF($R42="X",1,0)) | AA42: =IF($A42="","",IF($Q42=0,"자세명 확인",IF($Z42=0,"PASS","FAIL")))
Q43: =IF($A43="","",IFERROR(MATCH($C43,'합격 기준 수치표'!$B$6:$B$13,0),0)) | R43: =IF($A43="","",IF(AND(E43>='합격 기준 수치표'!$D$17,F43>='합격 기준 수치표'!$D$18,F43<='합격 기준 수치표'!$D$19,G43>='합격 기준 수치표'!$D$20,G43<='합격 기준 수치표'!$D$21,P43<='합격 기준 수치표'!$D$23,OR(H43<='합격 기준 수치표'!$D$24,O43="",O43<='합격 기준 수치표'!$D$22)),"OK","X")) | S43: =IF($A43="","",IF($Q43=0,"?",IF(AND(INDEX('합격 기준 수치표'!$D$6:$D$13,$Q43)="",INDEX('합격 기준 수치표'!$E$6:$E$13,$Q43)=""),"-",IF(H43="","N/A",IF(OR(AND(INDEX('합격 기준 수치표'!$D$6:$D$13,$Q43)<>"",H43<INDEX('합격 기준 수치표'!$D$6:$D$13,$Q43)),AND(INDEX('합격 기준 수치표'!$E$6:$E$13,$Q43)<>"",H43>INDEX('합격 기준 수치표'!$E$6:$E$13,$Q43))),"X","OK"))))) | T43: =IF($A43="","",IF($Q43=0,"?",IF(AND(INDEX('합격 기준 수치표'!$F$6:$F$13,$Q43)="",INDEX('합격 기준 수치표'!$G$6:$G$13,$Q43)=""),"-",IF(I43="","N/A",IF(OR(AND(INDEX('합격 기준 수치표'!$F$6:$F$13,$Q43)<>"",I43<INDEX('합격 기준 수치표'!$F$6:$F$13,$Q43)),AND(INDEX('합격 기준 수치표'!$G$6:$G$13,$Q43)<>"",I43>INDEX('합격 기준 수치표'!$G$6:$G$13,$Q43))),"X","OK"))))) | U43: =IF($A43="","",IF($Q43=0,"?",IF(AND(INDEX('합격 기준 수치표'!$H$6:$H$13,$Q43)="",INDEX('합격 기준 수치표'!$I$6:$I$13,$Q43)=""),"-",IF(J43="","N/A",IF(OR(AND(INDEX('합격 기준 수치표'!$H$6:$H$13,$Q43)<>"",J43<INDEX('합격 기준 수치표'!$H$6:$H$13,$Q43)),AND(INDEX('합격 기준 수치표'!$I$6:$I$13,$Q43)<>"",J43>INDEX('합격 기준 수치표'!$I$6:$I$13,$Q43))),"X","OK"))))) | V43: =IF($A43="","",IF($Q43=0,"?",IF(AND(INDEX('합격 기준 수치표'!$J$6:$J$13,$Q43)="",INDEX('합격 기준 수치표'!$K$6:$K$13,$Q43)=""),"-",IF(K43="","N/A",IF(OR(AND(INDEX('합격 기준 수치표'!$J$6:$J$13,$Q43)<>"",K43<INDEX('합격 기준 수치표'!$J$6:$J$13,$Q43)),AND(INDEX('합격 기준 수치표'!$K$6:$K$13,$Q43)<>"",K43>INDEX('합격 기준 수치표'!$K$6:$K$13,$Q43))),"X","OK"))))) | W43: =IF($A43="","",IF($Q43=0,"?",IF(AND(INDEX('합격 기준 수치표'!$L$6:$L$13,$Q43)="",INDEX('합격 기준 수치표'!$M$6:$M$13,$Q43)=""),"-",IF(L43="","N/A",IF(OR(AND(INDEX('합격 기준 수치표'!$L$6:$L$13,$Q43)<>"",L43<INDEX('합격 기준 수치표'!$L$6:$L$13,$Q43)),AND(INDEX('합격 기준 수치표'!$M$6:$M$13,$Q43)<>"",L43>INDEX('합격 기준 수치표'!$M$6:$M$13,$Q43))),"X","OK"))))) | X43: =IF($A43="","",IF($Q43=0,"?",IF(AND(INDEX('합격 기준 수치표'!$N$6:$N$13,$Q43)="",INDEX('합격 기준 수치표'!$O$6:$O$13,$Q43)=""),"-",IF(M43="","N/A",IF(OR(AND(INDEX('합격 기준 수치표'!$N$6:$N$13,$Q43)<>"",M43<INDEX('합격 기준 수치표'!$N$6:$N$13,$Q43)),AND(INDEX('합격 기준 수치표'!$O$6:$O$13,$Q43)<>"",M43>INDEX('합격 기준 수치표'!$O$6:$O$13,$Q43))),"X","OK"))))) | Y43: =IF($A43="","",IF($Q43=0,"?",IF(AND(INDEX('합격 기준 수치표'!$P$6:$P$13,$Q43)="",INDEX('합격 기준 수치표'!$Q$6:$Q$13,$Q43)=""),"-",IF(N43="","N/A",IF(OR(AND(INDEX('합격 기준 수치표'!$P$6:$P$13,$Q43)<>"",N43<INDEX('합격 기준 수치표'!$P$6:$P$13,$Q43)),AND(INDEX('합격 기준 수치표'!$Q$6:$Q$13,$Q43)<>"",N43>INDEX('합격 기준 수치표'!$Q$6:$Q$13,$Q43))),"X","OK"))))) | Z43: =IF($A43="","",COUNTIF($S43:$Y43,"X")+IF($R43="X",1,0)) | AA43: =IF($A43="","",IF($Q43=0,"자세명 확인",IF($Z43=0,"PASS","FAIL")))
Q44: =IF($A44="","",IFERROR(MATCH($C44,'합격 기준 수치표'!$B$6:$B$13,0),0)) | R44: =IF($A44="","",IF(AND(E44>='합격 기준 수치표'!$D$17,F44>='합격 기준 수치표'!$D$18,F44<='합격 기준 수치표'!$D$19,G44>='합격 기준 수치표'!$D$20,G44<='합격 기준 수치표'!$D$21,P44<='합격 기준 수치표'!$D$23,OR(H44<='합격 기준 수치표'!$D$24,O44="",O44<='합격 기준 수치표'!$D$22)),"OK","X")) | S44: =IF($A44="","",IF($Q44=0,"?",IF(AND(INDEX('합격 기준 수치표'!$D$6:$D$13,$Q44)="",INDEX('합격 기준 수치표'!$E$6:$E$13,$Q44)=""),"-",IF(H44="","N/A",IF(OR(AND(INDEX('합격 기준 수치표'!$D$6:$D$13,$Q44)<>"",H44<INDEX('합격 기준 수치표'!$D$6:$D$13,$Q44)),AND(INDEX('합격 기준 수치표'!$E$6:$E$13,$Q44)<>"",H44>INDEX('합격 기준 수치표'!$E$6:$E$13,$Q44))),"X","OK"))))) | T44: =IF($A44="","",IF($Q44=0,"?",IF(AND(INDEX('합격 기준 수치표'!$F$6:$F$13,$Q44)="",INDEX('합격 기준 수치표'!$G$6:$G$13,$Q44)=""),"-",IF(I44="","N/A",IF(OR(AND(INDEX('합격 기준 수치표'!$F$6:$F$13,$Q44)<>"",I44<INDEX('합격 기준 수치표'!$F$6:$F$13,$Q44)),AND(INDEX('합격 기준 수치표'!$G$6:$G$13,$Q44)<>"",I44>INDEX('합격 기준 수치표'!$G$6:$G$13,$Q44))),"X","OK"))))) | U44: =IF($A44="","",IF($Q44=0,"?",IF(AND(INDEX('합격 기준 수치표'!$H$6:$H$13,$Q44)="",INDEX('합격 기준 수치표'!$I$6:$I$13,$Q44)=""),"-",IF(J44="","N/A",IF(OR(AND(INDEX('합격 기준 수치표'!$H$6:$H$13,$Q44)<>"",J44<INDEX('합격 기준 수치표'!$H$6:$H$13,$Q44)),AND(INDEX('합격 기준 수치표'!$I$6:$I$13,$Q44)<>"",J44>INDEX('합격 기준 수치표'!$I$6:$I$13,$Q44))),"X","OK"))))) | V44: =IF($A44="","",IF($Q44=0,"?",IF(AND(INDEX('합격 기준 수치표'!$J$6:$J$13,$Q44)="",INDEX('합격 기준 수치표'!$K$6:$K$13,$Q44)=""),"-",IF(K44="","N/A",IF(OR(AND(INDEX('합격 기준 수치표'!$J$6:$J$13,$Q44)<>"",K44<INDEX('합격 기준 수치표'!$J$6:$J$13,$Q44)),AND(INDEX('합격 기준 수치표'!$K$6:$K$13,$Q44)<>"",K44>INDEX('합격 기준 수치표'!$K$6:$K$13,$Q44))),"X","OK"))))) | W44: =IF($A44="","",IF($Q44=0,"?",IF(AND(INDEX('합격 기준 수치표'!$L$6:$L$13,$Q44)="",INDEX('합격 기준 수치표'!$M$6:$M$13,$Q44)=""),"-",IF(L44="","N/A",IF(OR(AND(INDEX('합격 기준 수치표'!$L$6:$L$13,$Q44)<>"",L44<INDEX('합격 기준 수치표'!$L$6:$L$13,$Q44)),AND(INDEX('합격 기준 수치표'!$M$6:$M$13,$Q44)<>"",L44>INDEX('합격 기준 수치표'!$M$6:$M$13,$Q44))),"X","OK"))))) | X44: =IF($A44="","",IF($Q44=0,"?",IF(AND(INDEX('합격 기준 수치표'!$N$6:$N$13,$Q44)="",INDEX('합격 기준 수치표'!$O$6:$O$13,$Q44)=""),"-",IF(M44="","N/A",IF(OR(AND(INDEX('합격 기준 수치표'!$N$6:$N$13,$Q44)<>"",M44<INDEX('합격 기준 수치표'!$N$6:$N$13,$Q44)),AND(INDEX('합격 기준 수치표'!$O$6:$O$13,$Q44)<>"",M44>INDEX('합격 기준 수치표'!$O$6:$O$13,$Q44))),"X","OK"))))) | Y44: =IF($A44="","",IF($Q44=0,"?",IF(AND(INDEX('합격 기준 수치표'!$P$6:$P$13,$Q44)="",INDEX('합격 기준 수치표'!$Q$6:$Q$13,$Q44)=""),"-",IF(N44="","N/A",IF(OR(AND(INDEX('합격 기준 수치표'!$P$6:$P$13,$Q44)<>"",N44<INDEX('합격 기준 수치표'!$P$6:$P$13,$Q44)),AND(INDEX('합격 기준 수치표'!$Q$6:$Q$13,$Q44)<>"",N44>INDEX('합격 기준 수치표'!$Q$6:$Q$13,$Q44))),"X","OK"))))) | Z44: =IF($A44="","",COUNTIF($S44:$Y44,"X")+IF($R44="X",1,0)) | AA44: =IF($A44="","",IF($Q44=0,"자세명 확인",IF($Z44=0,"PASS","FAIL")))
Q45: =IF($A45="","",IFERROR(MATCH($C45,'합격 기준 수치표'!$B$6:$B$13,0),0)) | R45: =IF($A45="","",IF(AND(E45>='합격 기준 수치표'!$D$17,F45>='합격 기준 수치표'!$D$18,F45<='합격 기준 수치표'!$D$19,G45>='합격 기준 수치표'!$D$20,G45<='합격 기준 수치표'!$D$21,P45<='합격 기준 수치표'!$D$23,OR(H45<='합격 기준 수치표'!$D$24,O45="",O45<='합격 기준 수치표'!$D$22)),"OK","X")) | S45: =IF($A45="","",IF($Q45=0,"?",IF(AND(INDEX('합격 기준 수치표'!$D$6:$D$13,$Q45)="",INDEX('합격 기준 수치표'!$E$6:$E$13,$Q45)=""),"-",IF(H45="","N/A",IF(OR(AND(INDEX('합격 기준 수치표'!$D$6:$D$13,$Q45)<>"",H45<INDEX('합격 기준 수치표'!$D$6:$D$13,$Q45)),AND(INDEX('합격 기준 수치표'!$E$6:$E$13,$Q45)<>"",H45>INDEX('합격 기준 수치표'!$E$6:$E$13,$Q45))),"X","OK"))))) | T45: =IF($A45="","",IF($Q45=0,"?",IF(AND(INDEX('합격 기준 수치표'!$F$6:$F$13,$Q45)="",INDEX('합격 기준 수치표'!$G$6:$G$13,$Q45)=""),"-",IF(I45="","N/A",IF(OR(AND(INDEX('합격 기준 수치표'!$F$6:$F$13,$Q45)<>"",I45<INDEX('합격 기준 수치표'!$F$6:$F$13,$Q45)),AND(INDEX('합격 기준 수치표'!$G$6:$G$13,$Q45)<>"",I45>INDEX('합격 기준 수치표'!$G$6:$G$13,$Q45))),"X","OK"))))) | U45: =IF($A45="","",IF($Q45=0,"?",IF(AND(INDEX('합격 기준 수치표'!$H$6:$H$13,$Q45)="",INDEX('합격 기준 수치표'!$I$6:$I$13,$Q45)=""),"-",IF(J45="","N/A",IF(OR(AND(INDEX('합격 기준 수치표'!$H$6:$H$13,$Q45)<>"",J45<INDEX('합격 기준 수치표'!$H$6:$H$13,$Q45)),AND(INDEX('합격 기준 수치표'!$I$6:$I$13,$Q45)<>"",J45>INDEX('합격 기준 수치표'!$I$6:$I$13,$Q45))),"X","OK"))))) | V45: =IF($A45="","",IF($Q45=0,"?",IF(AND(INDEX('합격 기준 수치표'!$J$6:$J$13,$Q45)="",INDEX('합격 기준 수치표'!$K$6:$K$13,$Q45)=""),"-",IF(K45="","N/A",IF(OR(AND(INDEX('합격 기준 수치표'!$J$6:$J$13,$Q45)<>"",K45<INDEX('합격 기준 수치표'!$J$6:$J$13,$Q45)),AND(INDEX('합격 기준 수치표'!$K$6:$K$13,$Q45)<>"",K45>INDEX('합격 기준 수치표'!$K$6:$K$13,$Q45))),"X","OK"))))) | W45: =IF($A45="","",IF($Q45=0,"?",IF(AND(INDEX('합격 기준 수치표'!$L$6:$L$13,$Q45)="",INDEX('합격 기준 수치표'!$M$6:$M$13,$Q45)=""),"-",IF(L45="","N/A",IF(OR(AND(INDEX('합격 기준 수치표'!$L$6:$L$13,$Q45)<>"",L45<INDEX('합격 기준 수치표'!$L$6:$L$13,$Q45)),AND(INDEX('합격 기준 수치표'!$M$6:$M$13,$Q45)<>"",L45>INDEX('합격 기준 수치표'!$M$6:$M$13,$Q45))),"X","OK"))))) | X45: =IF($A45="","",IF($Q45=0,"?",IF(AND(INDEX('합격 기준 수치표'!$N$6:$N$13,$Q45)="",INDEX('합격 기준 수치표'!$O$6:$O$13,$Q45)=""),"-",IF(M45="","N/A",IF(OR(AND(INDEX('합격 기준 수치표'!$N$6:$N$13,$Q45)<>"",M45<INDEX('합격 기준 수치표'!$N$6:$N$13,$Q45)),AND(INDEX('합격 기준 수치표'!$O$6:$O$13,$Q45)<>"",M45>INDEX('합격 기준 수치표'!$O$6:$O$13,$Q45))),"X","OK"))))) | Y45: =IF($A45="","",IF($Q45=0,"?",IF(AND(INDEX('합격 기준 수치표'!$P$6:$P$13,$Q45)="",INDEX('합격 기준 수치표'!$Q$6:$Q$13,$Q45)=""),"-",IF(N45="","N/A",IF(OR(AND(INDEX('합격 기준 수치표'!$P$6:$P$13,$Q45)<>"",N45<INDEX('합격 기준 수치표'!$P$6:$P$13,$Q45)),AND(INDEX('합격 기준 수치표'!$Q$6:$Q$13,$Q45)<>"",N45>INDEX('합격 기준 수치표'!$Q$6:$Q$13,$Q45))),"X","OK"))))) | Z45: =IF($A45="","",COUNTIF($S45:$Y45,"X")+IF($R45="X",1,0)) | AA45: =IF($A45="","",IF($Q45=0,"자세명 확인",IF($Z45=0,"PASS","FAIL")))
... Q105: =IF($A105="","",IFERROR(MATCH($C105,'합격 기준 수치표'!$B$6:$B$13,0),0)) | R105: =IF($A105="","",IF(AND(E105>='합격 기준 수치표'!$D$17,F105>='합격 기준 수치표'!$D$18,F105<='합격 기준 수치표'!$D$19,G105>='합격 기준 수치표'!$D$20,G105<='합격 기준 수치표'!$D$21,P105<='합격 기준 수치표'!$D$23,OR(H105<='합격 기준 수치표'!$D$24,O105="",O105<='합격 기준 수치표'!$D$22)),"OK","X")) | S105: =IF($A105="","",IF($Q105=0,"?",IF(AND(INDEX('합격 기준 수치표'!$D$6:$D$13,$Q105)="",INDEX('합격 기준 수치표'!$E$6:$E$13,$Q105)=""),"-",IF(H105="","N/A",IF(OR(AND(INDEX('합격 기준 수치표'!$D$6:$D$13,$Q105)<>"",H105<INDEX('합격 기준 수치표'!$D$6:$D$13,$Q105)),AND(INDEX('합격 기준 수치표'!$E$6:$E$13,$Q105)<>"",H105>INDEX('합격 기준 수치표'!$E$6:$E$13,$Q105))),"X","OK"))))) | T105: =IF($A105="","",IF($Q105=0,"?",IF(AND(INDEX('합격 기준 수치표'!$F$6:$F$13,$Q105)="",INDEX('합격 기준 수치표'!$G$6:$G$13,$Q105)=""),"-",IF(I105="","N/A",IF(OR(AND(INDEX('합격 기준 수치표'!$F$6:$F$13,$Q105)<>"",I105<INDEX('합격 기준 수치표'!$F$6:$F$13,$Q105)),AND(INDEX('합격 기준 수치표'!$G$6:$G$13,$Q105)<>"",I105>INDEX('합격 기준 수치표'!$G$6:$G$13,$Q105))),"X","OK"))))) | U105: =IF($A105="","",IF($Q105=0,"?",IF(AND(INDEX('합격 기준 수치표'!$H$6:$H$13,$Q105)="",INDEX('합격 기준 수치표'!$I$6:$I$13,$Q105)=""),"-",IF(J105="","N/A",IF(OR(AND(INDEX('합격 기준 수치표'!$H$6:$H$13,$Q105)<>"",J105<INDEX('합격 기준 수치표'!$H$6:$H$13,$Q105)),AND(INDEX('합격 기준 수치표'!$I$6:$I$13,$Q105)<>"",J105>INDEX('합격 기준 수치표'!$I$6:$I$13,$Q105))),"X","OK"))))) | V105: =IF($A105="","",IF($Q105=0,"?",IF(AND(INDEX('합격 기준 수치표'!$J$6:$J$13,$Q105)="",INDEX('합격 기준 수치표'!$K$6:$K$13,$Q105)=""),"-",IF(K105="","N/A",IF(OR(AND(INDEX('합격 기준 수치표'!$J$6:$J$13,$Q105)<>"",K105<INDEX('합격 기준 수치표'!$J$6:$J$13,$Q105)),AND(INDEX('합격 기준 수치표'!$K$6:$K$13,$Q105)<>"",K105>INDEX('합격 기준 수치표'!$K$6:$K$13,$Q105))),"X","OK"))))) | W105: =IF($A105="","",IF($Q105=0,"?",IF(AND(INDEX('합격 기준 수치표'!$L$6:$L$13,$Q105)="",INDEX('합격 기준 수치표'!$M$6:$M$13,$Q105)=""),"-",IF(L105="","N/A",IF(OR(AND(INDEX('합격 기준 수치표'!$L$6:$L$13,$Q105)<>"",L105<INDEX('합격 기준 수치표'!$L$6:$L$13,$Q105)),AND(INDEX('합격 기준 수치표'!$M$6:$M$13,$Q105)<>"",L105>INDEX('합격 기준 수치표'!$M$6:$M$13,$Q105))),"X","OK"))))) | X105: =IF($A105="","",IF($Q105=0,"?",IF(AND(INDEX('합격 기준 수치표'!$N$6:$N$13,$Q105)="",INDEX('합격 기준 수치표'!$O$6:$O$13,$Q105)=""),"-",IF(M105="","N/A",IF(OR(AND(INDEX('합격 기준 수치표'!$N$6:$N$13,$Q105)<>"",M105<INDEX('합격 기준 수치표'!$N$6:$N$13,$Q105)),AND(INDEX('합격 기준 수치표'!$O$6:$O$13,$Q105)<>"",M105>INDEX('합격 기준 수치표'!$O$6:$O$13,$Q105))),"X","OK"))))) | Y105: =IF($A105="","",IF($Q105=0,"?",IF(AND(INDEX('합격 기준 수치표'!$P$6:$P$13,$Q105)="",INDEX('합격 기준 수치표'!$Q$6:$Q$13,$Q105)=""),"-",IF(N105="","N/A",IF(OR(AND(INDEX('합격 기준 수치표'!$P$6:$P$13,$Q105)<>"",N105<INDEX('합격 기준 수치표'!$P$6:$P$13,$Q105)),AND(INDEX('합격 기준 수치표'!$Q$6:$Q$13,$Q105)<>"",N105>INDEX('합격 기준 수치표'!$Q$6:$Q$13,$Q105))),"X","OK"))))) | Z105: =IF($A105="","",COUNTIF($S105:$Y105,"X")+IF($R105="X",1,0)) | AA105: =IF($A105="","",IF($Q105=0,"자세명 확인",IF($Z105=0,"PASS","FAIL")))
A107: 합격 파일 수 | B107: =COUNTIF(AA6:AA105,"PASS") -> 25 | C107: 불합격 | D107: =COUNTIF(AA6:AA105,"FAIL") -> 3

Sheet 자세 수집 현황
A1: 참가자 × 자세 수집 현황 (합격 파일 수)
A2: '참가자 명단'과 '수집 현황'에서 자동 집계됩니다. 목표 회차보다 적은 칸은 주황, 0인 칸은 빨강입니다.
A3: 자세당 목표 합격 회차 | C3: 3 | D3: (파란 숫자를 바꾸면 부족 표시가 바뀜. 이 목표는 임의 초안으로, 팀 매뉴얼의 회차에 맞추세요)
A4: 참가자 person | B4: 기본 케이스 | C4: p0 앉지 않음 | D4: p1 정자세 | E4: p2 앞으로 숙이기 | F4: p3 오른다리 꼬기 | G4: p4 왼다리 꼬기 | H4: p5 오른쪽 기대기 | I4: p6 왼쪽 기대기 | J4: p7 거북목 | K4: 합격 합계 | L4: 목표 미달 자세 수 | M4: 상태
A5: (자세 영문 키) | C5: not_sitting | D5: sitting_straight | E5: lean_forward | F5: cross_leg_right | G5: cross_leg_left | H5: lean_right | I5: lean_left | J5: turtle_neck
A6: =IF('참가자 명단'!B6="","",'참가자 명단'!B6) -> dahye | B6: =IF('참가자 명단'!H6="","",'참가자 명단'!H6) | C6: =IF($A6="","",COUNTIFS('수집 현황'!$B$6:$B$105,$A6,'수집 현황'!$C$6:$C$105,C$5,'수집 현황'!$AA$6:$AA$105,"PASS")) -> 0 | D6: =IF($A6="","",COUNTIFS('수집 현황'!$B$6:$B$105,$A6,'수집 현황'!$C$6:$C$105,D$5,'수집 현황'!$AA$6:$AA$105,"PASS")) -> 1 | E6: =IF($A6="","",COUNTIFS('수집 현황'!$B$6:$B$105,$A6,'수집 현황'!$C$6:$C$105,E$5,'수집 현황'!$AA$6:$AA$105,"PASS")) -> 1 | F6: =IF($A6="","",COUNTIFS('수집 현황'!$B$6:$B$105,$A6,'수집 현황'!$C$6:$C$105,F$5,'수집 현황'!$AA$6:$AA$105,"PASS")) -> 1 | G6: =IF($A6="","",COUNTIFS('수집 현황'!$B$6:$B$105,$A6,'수집 현황'!$C$6:$C$105,G$5,'수집 현황'!$AA$6:$AA$105,"PASS")) -> 1 | H6: =IF($A6="","",COUNTIFS('수집 현황'!$B$6:$B$105,$A6,'수집 현황'!$C$6:$C$105,H$5,'수집 현황'!$AA$6:$AA$105,"PASS")) -> 1 | I6: =IF($A6="","",COUNTIFS('수집 현황'!$B$6:$B$105,$A6,'수집 현황'!$C$6:$C$105,I$5,'수집 현황'!$AA$6:$AA$105,"PASS")) -> 1 | J6: =IF($A6="","",COUNTIFS('수집 현황'!$B$6:$B$105,$A6,'수집 현황'!$C$6:$C$105,J$5,'수집 현황'!$AA$6:$AA$105,"PASS")) -> 1 | K6: =IF($A6="","",SUM(C6:J6)) -> 7 | L6: =IF($A6="","",COUNTIF(C6:J6,"<"&$C$3)) -> 8 | M6: =IF($A6="","",IF(L6=0,"완료",L6&"종 부족")) -> 8종 부족
A7: =IF('참가자 명단'!B7="","",'참가자 명단'!B7) -> aro | B7: =IF('참가자 명단'!H7="","",'참가자 명단'!H7) | C7: =IF($A7="","",COUNTIFS('수집 현황'!$B$6:$B$105,$A7,'수집 현황'!$C$6:$C$105,C$5,'수집 현황'!$AA$6:$AA$105,"PASS")) -> 0 | D7: =IF($A7="","",COUNTIFS('수집 현황'!$B$6:$B$105,$A7,'수집 현황'!$C$6:$C$105,D$5,'수집 현황'!$AA$6:$AA$105,"PASS")) -> 1 | E7: =IF($A7="","",COUNTIFS('수집 현황'!$B$6:$B$105,$A7,'수집 현황'!$C$6:$C$105,E$5,'수집 현황'!$AA$6:$AA$105,"PASS")) -> 0 | F7: =IF($A7="","",COUNTIFS('수집 현황'!$B$6:$B$105,$A7,'수집 현황'!$C$6:$C$105,F$5,'수집 현황'!$AA$6:$AA$105,"PASS")) -> 1 | G7: =IF($A7="","",COUNTIFS('수집 현황'!$B$6:$B$105,$A7,'수집 현황'!$C$6:$C$105,G$5,'수집 현황'!$AA$6:$AA$105,"PASS")) -> 1 | H7: =IF($A7="","",COUNTIFS('수집 현황'!$B$6:$B$105,$A7,'수집 현황'!$C$6:$C$105,H$5,'수집 현황'!$AA$6:$AA$105,"PASS")) -> 0 | I7: =IF($A7="","",COUNTIFS('수집 현황'!$B$6:$B$105,$A7,'수집 현황'!$C$6:$C$105,I$5,'수집 현황'!$AA$6:$AA$105,"PASS")) -> 0 | J7: =IF($A7="","",COUNTIFS('수집 현황'!$B$6:$B$105,$A7,'수집 현황'!$C$6:$C$105,J$5,'수집 현황'!$AA$6:$AA$105,"PASS")) -> 0 | K7: =IF($A7="","",SUM(C7:J7)) -> 3 | L7: =IF($A7="","",COUNTIF(C7:J7,"<"&$C$3)) -> 8 | M7: =IF($A7="","",IF(L7=0,"완료",L7&"종 부족")) -> 8종 부족
A8: =IF('참가자 명단'!B8="","",'참가자 명단'!B8) -> yewon | B8: =IF('참가자 명단'!H8="","",'참가자 명단'!H8) | C8: =IF($A8="","",COUNTIFS('수집 현황'!$B$6:$B$105,$A8,'수집 현황'!$C$6:$C$105,C$5,'수집 현황'!$AA$6:$AA$105,"PASS")) -> 1 | D8: =IF($A8="","",COUNTIFS('수집 현황'!$B$6:$B$105,$A8,'수집 현황'!$C$6:$C$105,D$5,'수집 현황'!$AA$6:$AA$105,"PASS")) -> 1 | E8: =IF($A8="","",COUNTIFS('수집 현황'!$B$6:$B$105,$A8,'수집 현황'!$C$6:$C$105,E$5,'수집 현황'!$AA$6:$AA$105,"PASS")) -> 1 | F8: =IF($A8="","",COUNTIFS('수집 현황'!$B$6:$B$105,$A8,'수집 현황'!$C$6:$C$105,F$5,'수집 현황'!$AA$6:$AA$105,"PASS")) -> 1 | G8: =IF($A8="","",COUNTIFS('수집 현황'!$B$6:$B$105,$A8,'수집 현황'!$C$6:$C$105,G$5,'수집 현황'!$AA$6:$AA$105,"PASS")) -> 1 | H8: =IF($A8="","",COUNTIFS('수집 현황'!$B$6:$B$105,$A8,'수집 현황'!$C$6:$C$105,H$5,'수집 현황'!$AA$6:$AA$105,"PASS")) -> 1 | I8: =IF($A8="","",COUNTIFS('수집 현황'!$B$6:$B$105,$A8,'수집 현황'!$C$6:$C$105,I$5,'수집 현황'!$AA$6:$AA$105,"PASS")) -> 1 | J8: =IF($A8="","",COUNTIFS('수집 현황'!$B$6:$B$105,$A8,'수집 현황'!$C$6:$C$105,J$5,'수집 현황'!$AA$6:$AA$105,"PASS")) -> 1 | K8: =IF($A8="","",SUM(C8:J8)) -> 8 | L8: =IF($A8="","",COUNTIF(C8:J8,"<"&$C$3)) -> 8 | M8: =IF($A8="","",IF(L8=0,"완료",L8&"종 부족")) -> 8종 부족
A9: =IF('참가자 명단'!B9="","",'참가자 명단'!B9) -> junseo | B9: =IF('참가자 명단'!H9="","",'참가자 명단'!H9) -> M9 | C9: =IF($A9="","",COUNTIFS('수집 현황'!$B$6:$B$105,$A9,'수집 현황'!$C$6:$C$105,C$5,'수집 현황'!$AA$6:$AA$105,"PASS")) -> 1 | D9: =IF($A9="","",COUNTIFS('수집 현황'!$B$6:$B$105,$A9,'수집 현황'!$C$6:$C$105,D$5,'수집 현황'!$AA$6:$AA$105,"PASS")) -> 1 | E9: =IF($A9="","",COUNTIFS('수집 현황'!$B$6:$B$105,$A9,'수집 현황'!$C$6:$C$105,E$5,'수집 현황'!$AA$6:$AA$105,"PASS")) -> 1 | F9: =IF($A9="","",COUNTIFS('수집 현황'!$B$6:$B$105,$A9,'수집 현황'!$C$6:$C$105,F$5,'수집 현황'!$AA$6:$AA$105,"PASS")) -> 1 | G9: =IF($A9="","",COUNTIFS('수집 현황'!$B$6:$B$105,$A9,'수집 현황'!$C$6:$C$105,G$5,'수집 현황'!$AA$6:$AA$105,"PASS")) -> 1 | H9: =IF($A9="","",COUNTIFS('수집 현황'!$B$6:$B$105,$A9,'수집 현황'!$C$6:$C$105,H$5,'수집 현황'!$AA$6:$AA$105,"PASS")) -> 1 | I9: =IF($A9="","",COUNTIFS('수집 현황'!$B$6:$B$105,$A9,'수집 현황'!$C$6:$C$105,I$5,'수집 현황'!$AA$6:$AA$105,"PASS")) -> 1 | J9: =IF($A9="","",COUNTIFS('수집 현황'!$B$6:$B$105,$A9,'수집 현황'!$C$6:$C$105,J$5,'수집 현황'!$AA$6:$AA$105,"PASS")) -> 0 | K9: =IF($A9="","",SUM(C9:J9)) -> 7 | L9: =IF($A9="","",COUNTIF(C9:J9,"<"&$C$3)) -> 8 | M9: =IF($A9="","",IF(L9=0,"완료",L9&"종 부족")) -> 8종 부족
A10: =IF('참가자 명단'!B10="","",'참가자 명단'!B10) | B10: =IF('참가자 명단'!H10="","",'참가자 명단'!H10) | C10: =IF($A10="","",COUNTIFS('수집 현황'!$B$6:$B$105,$A10,'수집 현황'!$C$6:$C$105,C$5,'수집 현황'!$AA$6:$AA$105,"PASS")) | D10: =IF($A10="","",COUNTIFS('수집 현황'!$B$6:$B$105,$A10,'수집 현황'!$C$6:$C$105,D$5,'수집 현황'!$AA$6:$AA$105,"PASS")) | E10: =IF($A10="","",COUNTIFS('수집 현황'!$B$6:$B$105,$A10,'수집 현황'!$C$6:$C$105,E$5,'수집 현황'!$AA$6:$AA$105,"PASS")) | F10: =IF($A10="","",COUNTIFS('수집 현황'!$B$6:$B$105,$A10,'수집 현황'!$C$6:$C$105,F$5,'수집 현황'!$AA$6:$AA$105,"PASS")) | G10: =IF($A10="","",COUNTIFS('수집 현황'!$B$6:$B$105,$A10,'수집 현황'!$C$6:$C$105,G$5,'수집 현황'!$AA$6:$AA$105,"PASS")) | H10: =IF($A10="","",COUNTIFS('수집 현황'!$B$6:$B$105,$A10,'수집 현황'!$C$6:$C$105,H$5,'수집 현황'!$AA$6:$AA$105,"PASS")) | I10: =IF($A10="","",COUNTIFS('수집 현황'!$B$6:$B$105,$A10,'수집 현황'!$C$6:$C$105,I$5,'수집 현황'!$AA$6:$AA$105,"PASS")) | J10: =IF($A10="","",COUNTIFS('수집 현황'!$B$6:$B$105,$A10,'수집 현황'!$C$6:$C$105,J$5,'수집 현황'!$AA$6:$AA$105,"PASS")) | K10: =IF($A10="","",SUM(C10:J10)) | L10: =IF($A10="","",COUNTIF(C10:J10,"<"&$C$3)) | M10: =IF($A10="","",IF(L10=0,"완료",L10&"종 부족"))
A11: =IF('참가자 명단'!B11="","",'참가자 명단'!B11) | B11: =IF('참가자 명단'!H11="","",'참가자 명단'!H11) | C11: =IF($A11="","",COUNTIFS('수집 현황'!$B$6:$B$105,$A11,'수집 현황'!$C$6:$C$105,C$5,'수집 현황'!$AA$6:$AA$105,"PASS")) | D11: =IF($A11="","",COUNTIFS('수집 현황'!$B$6:$B$105,$A11,'수집 현황'!$C$6:$C$105,D$5,'수집 현황'!$AA$6:$AA$105,"PASS")) | E11: =IF($A11="","",COUNTIFS('수집 현황'!$B$6:$B$105,$A11,'수집 현황'!$C$6:$C$105,E$5,'수집 현황'!$AA$6:$AA$105,"PASS")) | F11: =IF($A11="","",COUNTIFS('수집 현황'!$B$6:$B$105,$A11,'수집 현황'!$C$6:$C$105,F$5,'수집 현황'!$AA$6:$AA$105,"PASS")) | G11: =IF($A11="","",COUNTIFS('수집 현황'!$B$6:$B$105,$A11,'수집 현황'!$C$6:$C$105,G$5,'수집 현황'!$AA$6:$AA$105,"PASS")) | H11: =IF($A11="","",COUNTIFS('수집 현황'!$B$6:$B$105,$A11,'수집 현황'!$C$6:$C$105,H$5,'수집 현황'!$AA$6:$AA$105,"PASS")) | I11: =IF($A11="","",COUNTIFS('수집 현황'!$B$6:$B$105,$A11,'수집 현황'!$C$6:$C$105,I$5,'수집 현황'!$AA$6:$AA$105,"PASS")) | J11: =IF($A11="","",COUNTIFS('수집 현황'!$B$6:$B$105,$A11,'수집 현황'!$C$6:$C$105,J$5,'수집 현황'!$AA$6:$AA$105,"PASS")) | K11: =IF($A11="","",SUM(C11:J11)) | L11: =IF($A11="","",COUNTIF(C11:J11,"<"&$C$3)) | M11: =IF($A11="","",IF(L11=0,"완료",L11&"종 부족"))
A12: =IF('참가자 명단'!B12="","",'참가자 명단'!B12) | B12: =IF('참가자 명단'!H12="","",'참가자 명단'!H12) | C12: =IF($A12="","",COUNTIFS('수집 현황'!$B$6:$B$105,$A12,'수집 현황'!$C$6:$C$105,C$5,'수집 현황'!$AA$6:$AA$105,"PASS")) | D12: =IF($A12="","",COUNTIFS('수집 현황'!$B$6:$B$105,$A12,'수집 현황'!$C$6:$C$105,D$5,'수집 현황'!$AA$6:$AA$105,"PASS")) | E12: =IF($A12="","",COUNTIFS('수집 현황'!$B$6:$B$105,$A12,'수집 현황'!$C$6:$C$105,E$5,'수집 현황'!$AA$6:$AA$105,"PASS")) | F12: =IF($A12="","",COUNTIFS('수집 현황'!$B$6:$B$105,$A12,'수집 현황'!$C$6:$C$105,F$5,'수집 현황'!$AA$6:$AA$105,"PASS")) | G12: =IF($A12="","",COUNTIFS('수집 현황'!$B$6:$B$105,$A12,'수집 현황'!$C$6:$C$105,G$5,'수집 현황'!$AA$6:$AA$105,"PASS")) | H12: =IF($A12="","",COUNTIFS('수집 현황'!$B$6:$B$105,$A12,'수집 현황'!$C$6:$C$105,H$5,'수집 현황'!$AA$6:$AA$105,"PASS")) | I12: =IF($A12="","",COUNTIFS('수집 현황'!$B$6:$B$105,$A12,'수집 현황'!$C$6:$C$105,I$5,'수집 현황'!$AA$6:$AA$105,"PASS")) | J12: =IF($A12="","",COUNTIFS('수집 현황'!$B$6:$B$105,$A12,'수집 현황'!$C$6:$C$105,J$5,'수집 현황'!$AA$6:$AA$105,"PASS")) | K12: =IF($A12="","",SUM(C12:J12)) | L12: =IF($A12="","",COUNTIF(C12:J12,"<"&$C$3)) | M12: =IF($A12="","",IF(L12=0,"완료",L12&"종 부족"))
A13: =IF('참가자 명단'!B13="","",'참가자 명단'!B13) | B13: =IF('참가자 명단'!H13="","",'참가자 명단'!H13) | C13: =IF($A13="","",COUNTIFS('수집 현황'!$B$6:$B$105,$A13,'수집 현황'!$C$6:$C$105,C$5,'수집 현황'!$AA$6:$AA$105,"PASS")) | D13: =IF($A13="","",COUNTIFS('수집 현황'!$B$6:$B$105,$A13,'수집 현황'!$C$6:$C$105,D$5,'수집 현황'!$AA$6:$AA$105,"PASS")) | E13: =IF($A13="","",COUNTIFS('수집 현황'!$B$6:$B$105,$A13,'수집 현황'!$C$6:$C$105,E$5,'수집 현황'!$AA$6:$AA$105,"PASS")) | F13: =IF($A13="","",COUNTIFS('수집 현황'!$B$6:$B$105,$A13,'수집 현황'!$C$6:$C$105,F$5,'수집 현황'!$AA$6:$AA$105,"PASS")) | G13: =IF($A13="","",COUNTIFS('수집 현황'!$B$6:$B$105,$A13,'수집 현황'!$C$6:$C$105,G$5,'수집 현황'!$AA$6:$AA$105,"PASS")) | H13: =IF($A13="","",COUNTIFS('수집 현황'!$B$6:$B$105,$A13,'수집 현황'!$C$6:$C$105,H$5,'수집 현황'!$AA$6:$AA$105,"PASS")) | I13: =IF($A13="","",COUNTIFS('수집 현황'!$B$6:$B$105,$A13,'수집 현황'!$C$6:$C$105,I$5,'수집 현황'!$AA$6:$AA$105,"PASS")) | J13: =IF($A13="","",COUNTIFS('수집 현황'!$B$6:$B$105,$A13,'수집 현황'!$C$6:$C$105,J$5,'수집 현황'!$AA$6:$AA$105,"PASS")) | K13: =IF($A13="","",SUM(C13:J13)) | L13: =IF($A13="","",COUNTIF(C13:J13,"<"&$C$3)) | M13: =IF($A13="","",IF(L13=0,"완료",L13&"종 부족"))
A14: =IF('참가자 명단'!B14="","",'참가자 명단'!B14) | B14: =IF('참가자 명단'!H14="","",'참가자 명단'!H14) | C14: =IF($A14="","",COUNTIFS('수집 현황'!$B$6:$B$105,$A14,'수집 현황'!$C$6:$C$105,C$5,'수집 현황'!$AA$6:$AA$105,"PASS")) | D14: =IF($A14="","",COUNTIFS('수집 현황'!$B$6:$B$105,$A14,'수집 현황'!$C$6:$C$105,D$5,'수집 현황'!$AA$6:$AA$105,"PASS")) | E14: =IF($A14="","",COUNTIFS('수집 현황'!$B$6:$B$105,$A14,'수집 현황'!$C$6:$C$105,E$5,'수집 현황'!$AA$6:$AA$105,"PASS")) | F14: =IF($A14="","",COUNTIFS('수집 현황'!$B$6:$B$105,$A14,'수집 현황'!$C$6:$C$105,F$5,'수집 현황'!$AA$6:$AA$105,"PASS")) | G14: =IF($A14="","",COUNTIFS('수집 현황'!$B$6:$B$105,$A14,'수집 현황'!$C$6:$C$105,G$5,'수집 현황'!$AA$6:$AA$105,"PASS")) | H14: =IF($A14="","",COUNTIFS('수집 현황'!$B$6:$B$105,$A14,'수집 현황'!$C$6:$C$105,H$5,'수집 현황'!$AA$6:$AA$105,"PASS")) | I14: =IF($A14="","",COUNTIFS('수집 현황'!$B$6:$B$105,$A14,'수집 현황'!$C$6:$C$105,I$5,'수집 현황'!$AA$6:$AA$105,"PASS")) | J14: =IF($A14="","",COUNTIFS('수집 현황'!$B$6:$B$105,$A14,'수집 현황'!$C$6:$C$105,J$5,'수집 현황'!$AA$6:$AA$105,"PASS")) | K14: =IF($A14="","",SUM(C14:J14)) | L14: =IF($A14="","",COUNTIF(C14:J14,"<"&$C$3)) | M14: =IF($A14="","",IF(L14=0,"완료",L14&"종 부족"))
A15: =IF('참가자 명단'!B15="","",'참가자 명단'!B15) | B15: =IF('참가자 명단'!H15="","",'참가자 명단'!H15) | C15: =IF($A15="","",COUNTIFS('수집 현황'!$B$6:$B$105,$A15,'수집 현황'!$C$6:$C$105,C$5,'수집 현황'!$AA$6:$AA$105,"PASS")) | D15: =IF($A15="","",COUNTIFS('수집 현황'!$B$6:$B$105,$A15,'수집 현황'!$C$6:$C$105,D$5,'수집 현황'!$AA$6:$AA$105,"PASS")) | E15: =IF($A15="","",COUNTIFS('수집 현황'!$B$6:$B$105,$A15,'수집 현황'!$C$6:$C$105,E$5,'수집 현황'!$AA$6:$AA$105,"PASS")) | F15: =IF($A15="","",COUNTIFS('수집 현황'!$B$6:$B$105,$A15,'수집 현황'!$C$6:$C$105,F$5,'수집 현황'!$AA$6:$AA$105,"PASS")) | G15: =IF($A15="","",COUNTIFS('수집 현황'!$B$6:$B$105,$A15,'수집 현황'!$C$6:$C$105,G$5,'수집 현황'!$AA$6:$AA$105,"PASS")) | H15: =IF($A15="","",COUNTIFS('수집 현황'!$B$6:$B$105,$A15,'수집 현황'!$C$6:$C$105,H$5,'수집 현황'!$AA$6:$AA$105,"PASS")) | I15: =IF($A15="","",COUNTIFS('수집 현황'!$B$6:$B$105,$A15,'수집 현황'!$C$6:$C$105,I$5,'수집 현황'!$AA$6:$AA$105,"PASS")) | J15: =IF($A15="","",COUNTIFS('수집 현황'!$B$6:$B$105,$A15,'수집 현황'!$C$6:$C$105,J$5,'수집 현황'!$AA$6:$AA$105,"PASS")) | K15: =IF($A15="","",SUM(C15:J15)) | L15: =IF($A15="","",COUNTIF(C15:J15,"<"&$C$3)) | M15: =IF($A15="","",IF(L15=0,"완료",L15&"종 부족"))
A16: =IF('참가자 명단'!B16="","",'참가자 명단'!B16) | B16: =IF('참가자 명단'!H16="","",'참가자 명단'!H16) | C16: =IF($A16="","",COUNTIFS('수집 현황'!$B$6:$B$105,$A16,'수집 현황'!$C$6:$C$105,C$5,'수집 현황'!$AA$6:$AA$105,"PASS")) | D16: =IF($A16="","",COUNTIFS('수집 현황'!$B$6:$B$105,$A16,'수집 현황'!$C$6:$C$105,D$5,'수집 현황'!$AA$6:$AA$105,"PASS")) | E16: =IF($A16="","",COUNTIFS('수집 현황'!$B$6:$B$105,$A16,'수집 현황'!$C$6:$C$105,E$5,'수집 현황'!$AA$6:$AA$105,"PASS")) | F16: =IF($A16="","",COUNTIFS('수집 현황'!$B$6:$B$105,$A16,'수집 현황'!$C$6:$C$105,F$5,'수집 현황'!$AA$6:$AA$105,"PASS")) | G16: =IF($A16="","",COUNTIFS('수집 현황'!$B$6:$B$105,$A16,'수집 현황'!$C$6:$C$105,G$5,'수집 현황'!$AA$6:$AA$105,"PASS")) | H16: =IF($A16="","",COUNTIFS('수집 현황'!$B$6:$B$105,$A16,'수집 현황'!$C$6:$C$105,H$5,'수집 현황'!$AA$6:$AA$105,"PASS")) | I16: =IF($A16="","",COUNTIFS('수집 현황'!$B$6:$B$105,$A16,'수집 현황'!$C$6:$C$105,I$5,'수집 현황'!$AA$6:$AA$105,"PASS")) | J16: =IF($A16="","",COUNTIFS('수집 현황'!$B$6:$B$105,$A16,'수집 현황'!$C$6:$C$105,J$5,'수집 현황'!$AA$6:$AA$105,"PASS")) | K16: =IF($A16="","",SUM(C16:J16)) | L16: =IF($A16="","",COUNTIF(C16:J16,"<"&$C$3)) | M16: =IF($A16="","",IF(L16=0,"완료",L16&"종 부족"))
A17: =IF('참가자 명단'!B17="","",'참가자 명단'!B17) | B17: =IF('참가자 명단'!H17="","",'참가자 명단'!H17) | C17: =IF($A17="","",COUNTIFS('수집 현황'!$B$6:$B$105,$A17,'수집 현황'!$C$6:$C$105,C$5,'수집 현황'!$AA$6:$AA$105,"PASS")) | D17: =IF($A17="","",COUNTIFS('수집 현황'!$B$6:$B$105,$A17,'수집 현황'!$C$6:$C$105,D$5,'수집 현황'!$AA$6:$AA$105,"PASS")) | E17: =IF($A17="","",COUNTIFS('수집 현황'!$B$6:$B$105,$A17,'수집 현황'!$C$6:$C$105,E$5,'수집 현황'!$AA$6:$AA$105,"PASS")) | F17: =IF($A17="","",COUNTIFS('수집 현황'!$B$6:$B$105,$A17,'수집 현황'!$C$6:$C$105,F$5,'수집 현황'!$AA$6:$AA$105,"PASS")) | G17: =IF($A17="","",COUNTIFS('수집 현황'!$B$6:$B$105,$A17,'수집 현황'!$C$6:$C$105,G$5,'수집 현황'!$AA$6:$AA$105,"PASS")) | H17: =IF($A17="","",COUNTIFS('수집 현황'!$B$6:$B$105,$A17,'수집 현황'!$C$6:$C$105,H$5,'수집 현황'!$AA$6:$AA$105,"PASS")) | I17: =IF($A17="","",COUNTIFS('수집 현황'!$B$6:$B$105,$A17,'수집 현황'!$C$6:$C$105,I$5,'수집 현황'!$AA$6:$AA$105,"PASS")) | J17: =IF($A17="","",COUNTIFS('수집 현황'!$B$6:$B$105,$A17,'수집 현황'!$C$6:$C$105,J$5,'수집 현황'!$AA$6:$AA$105,"PASS")) | K17: =IF($A17="","",SUM(C17:J17)) | L17: =IF($A17="","",COUNTIF(C17:J17,"<"&$C$3)) | M17: =IF($A17="","",IF(L17=0,"완료",L17&"종 부족"))
... A55: =IF('참가자 명단'!B55="","",'참가자 명단'!B55) | B55: =IF('참가자 명단'!H55="","",'참가자 명단'!H55) | C55: =IF($A55="","",COUNTIFS('수집 현황'!$B$6:$B$105,$A55,'수집 현황'!$C$6:$C$105,C$5,'수집 현황'!$AA$6:$AA$105,"PASS")) | D55: =IF($A55="","",COUNTIFS('수집 현황'!$B$6:$B$105,$A55,'수집 현황'!$C$6:$C$105,D$5,'수집 현황'!$AA$6:$AA$105,"PASS")) | E55: =IF($A55="","",COUNTIFS('수집 현황'!$B$6:$B$105,$A55,'수집 현황'!$C$6:$C$105,E$5,'수집 현황'!$AA$6:$AA$105,"PASS")) | F55: =IF($A55="","",COUNTIFS('수집 현황'!$B$6:$B$105,$A55,'수집 현황'!$C$6:$C$105,F$5,'수집 현황'!$AA$6:$AA$105,"PASS")) | G55: =IF($A55="","",COUNTIFS('수집 현황'!$B$6:$B$105,$A55,'수집 현황'!$C$6:$C$105,G$5,'수집 현황'!$AA$6:$AA$105,"PASS")) | H55: =IF($A55="","",COUNTIFS('수집 현황'!$B$6:$B$105,$A55,'수집 현황'!$C$6:$C$105,H$5,'수집 현황'!$AA$6:$AA$105,"PASS")) | I55: =IF($A55="","",COUNTIFS('수집 현황'!$B$6:$B$105,$A55,'수집 현황'!$C$6:$C$105,I$5,'수집 현황'!$AA$6:$AA$105,"PASS")) | J55: =IF($A55="","",COUNTIFS('수집 현황'!$B$6:$B$105,$A55,'수집 현황'!$C$6:$C$105,J$5,'수집 현황'!$AA$6:$AA$105,"PASS")) | K55: =IF($A55="","",SUM(C55:J55)) | L55: =IF($A55="","",COUNTIF(C55:J55,"<"&$C$3)) | M55: =IF($A55="","",IF(L55=0,"완료",L55&"종 부족"))
A56: 합계 | C56: =SUM(C6:C55) -> 2 | D56: =SUM(D6:D55) -> 4 | E56: =SUM(E6:E55) -> 3 | F56: =SUM(F6:F55) -> 4 | G56: =SUM(G6:G55) -> 4 | H56: =SUM(H6:H55) -> 3 | I56: =SUM(I6:I55) -> 3 | J56: =SUM(J6:J55) -> 2 | K56: =SUM(K6:K55) -> 25

Sheet 실측 관찰값
A1: 실측 관찰값 (자세 × 지표)
A2: '수집 현황'의 모든 파일(합격/불합격 포함)에서 자동 집계됩니다. 합격 기준이 관찰 범위와 얼마나 떨어져 있는지 보는 용도입니다.
A5: 코드 | B5: 자세 (영문) | C5: 지표 | D5: 파일 수 | E5: 최소 | F5: 평균 | G5: 최대 | H5: 기준 하한 | I5: 기준 상한
A6: p0 | B6: not_sitting | C6: 방석 총압력 (원시값 합) | D6: =COUNTIFS('수집 현황'!$C$6:$C$105,$B6,'수집 현황'!$H$6:$H$105,"<>") -> 2 | E6: =IF($D6=0,"",_xlfn.MINIFS('수집 현황'!$H$6:$H$105,'수집 현황'!$C$6:$C$105,$B6)) -> 0 | F6: =IF($D6=0,"",AVERAGEIFS('수집 현황'!$H$6:$H$105,'수집 현황'!$C$6:$C$105,$B6)) -> 0 | G6: =IF($D6=0,"",_xlfn.MAXIFS('수집 현황'!$H$6:$H$105,'수집 현황'!$C$6:$C$105,$B6)) -> 0 | H6: =IF('합격 기준 수치표'!D6="","",'합격 기준 수치표'!D6) | I6: =IF('합격 기준 수치표'!E6="","",'합격 기준 수치표'!E6) -> 300
A7: p0 | B7: not_sitting | C7: 등받이 총압력 (원시값 합) | D7: =COUNTIFS('수집 현황'!$C$6:$C$105,$B7,'수집 현황'!$I$6:$I$105,"<>") -> 2 | E7: =IF($D7=0,"",_xlfn.MINIFS('수집 현황'!$I$6:$I$105,'수집 현황'!$C$6:$C$105,$B7)) -> 0 | F7: =IF($D7=0,"",AVERAGEIFS('수집 현황'!$I$6:$I$105,'수집 현황'!$C$6:$C$105,$B7)) -> 0 | G7: =IF($D7=0,"",_xlfn.MAXIFS('수집 현황'!$I$6:$I$105,'수집 현황'!$C$6:$C$105,$B7)) -> 0 | H7: =IF('합격 기준 수치표'!F6="","",'합격 기준 수치표'!F6) | I7: =IF('합격 기준 수치표'!G6="","",'합격 기준 수치표'!G6) -> 100
A8: p0 | B8: not_sitting | C8: 엉덩이 줄 비중 (%) | D8: =COUNTIFS('수집 현황'!$C$6:$C$105,$B8,'수집 현황'!$J$6:$J$105,"<>") -> 0 | E8: =IF($D8=0,"",_xlfn.MINIFS('수집 현황'!$J$6:$J$105,'수집 현황'!$C$6:$C$105,$B8)) | F8: =IF($D8=0,"",AVERAGEIFS('수집 현황'!$J$6:$J$105,'수집 현황'!$C$6:$C$105,$B8)) | G8: =IF($D8=0,"",_xlfn.MAXIFS('수집 현황'!$J$6:$J$105,'수집 현황'!$C$6:$C$105,$B8)) | H8: =IF('합격 기준 수치표'!H6="","",'합격 기준 수치표'!H6) | I8: =IF('합격 기준 수치표'!I6="","",'합격 기준 수치표'!I6)
A9: p0 | B9: not_sitting | C9: 방석 오른쪽 비율 (%) | D9: =COUNTIFS('수집 현황'!$C$6:$C$105,$B9,'수집 현황'!$K$6:$K$105,"<>") -> 0 | E9: =IF($D9=0,"",_xlfn.MINIFS('수집 현황'!$K$6:$K$105,'수집 현황'!$C$6:$C$105,$B9)) | F9: =IF($D9=0,"",AVERAGEIFS('수집 현황'!$K$6:$K$105,'수집 현황'!$C$6:$C$105,$B9)) | G9: =IF($D9=0,"",_xlfn.MAXIFS('수집 현황'!$K$6:$K$105,'수집 현황'!$C$6:$C$105,$B9)) | H9: =IF('합격 기준 수치표'!J6="","",'합격 기준 수치표'!J6) | I9: =IF('합격 기준 수치표'!K6="","",'합격 기준 수치표'!K6)
A10: p0 | B10: not_sitting | C10: 등받이 오른쪽 비율 (%) | D10: =COUNTIFS('수집 현황'!$C$6:$C$105,$B10,'수집 현황'!$L$6:$L$105,"<>") -> 0 | E10: =IF($D10=0,"",_xlfn.MINIFS('수집 현황'!$L$6:$L$105,'수집 현황'!$C$6:$C$105,$B10)) | F10: =IF($D10=0,"",AVERAGEIFS('수집 현황'!$L$6:$L$105,'수집 현황'!$C$6:$C$105,$B10)) | G10: =IF($D10=0,"",_xlfn.MAXIFS('수집 현황'!$L$6:$L$105,'수집 현황'!$C$6:$C$105,$B10)) | H10: =IF('합격 기준 수치표'!L6="","",'합격 기준 수치표'!L6) | I10: =IF('합격 기준 수치표'!M6="","",'합격 기준 수치표'!M6)
A11: p0 | B11: not_sitting | C11: 등받이 어깨 줄 비중 (%) | D11: =COUNTIFS('수집 현황'!$C$6:$C$105,$B11,'수집 현황'!$M$6:$M$105,"<>") -> 0 | E11: =IF($D11=0,"",_xlfn.MINIFS('수집 현황'!$M$6:$M$105,'수집 현황'!$C$6:$C$105,$B11)) | F11: =IF($D11=0,"",AVERAGEIFS('수집 현황'!$M$6:$M$105,'수집 현황'!$C$6:$C$105,$B11)) | G11: =IF($D11=0,"",_xlfn.MAXIFS('수집 현황'!$M$6:$M$105,'수집 현황'!$C$6:$C$105,$B11)) | H11: =IF('합격 기준 수치표'!N6="","",'합격 기준 수치표'!N6) | I11: =IF('합격 기준 수치표'!O6="","",'합격 기준 수치표'!O6)
A12: p0 | B12: not_sitting | C12: 등받이 반응 채널 수 (개) | D12: =COUNTIFS('수집 현황'!$C$6:$C$105,$B12,'수집 현황'!$N$6:$N$105,"<>") -> 2 | E12: =IF($D12=0,"",_xlfn.MINIFS('수집 현황'!$N$6:$N$105,'수집 현황'!$C$6:$C$105,$B12)) -> 0 | F12: =IF($D12=0,"",AVERAGEIFS('수집 현황'!$N$6:$N$105,'수집 현황'!$C$6:$C$105,$B12)) -> 0 | G12: =IF($D12=0,"",_xlfn.MAXIFS('수집 현황'!$N$6:$N$105,'수집 현황'!$C$6:$C$105,$B12)) -> 0 | H12: =IF('합격 기준 수치표'!P6="","",'합격 기준 수치표'!P6) | I12: =IF('합격 기준 수치표'!Q6="","",'합격 기준 수치표'!Q6)
A13: p1 | B13: sitting_straight | C13: 방석 총압력 (원시값 합) | D13: =COUNTIFS('수집 현황'!$C$6:$C$105,$B13,'수집 현황'!$H$6:$H$105,"<>") -> 4 | E13: =IF($D13=0,"",_xlfn.MINIFS('수집 현황'!$H$6:$H$105,'수집 현황'!$C$6:$C$105,$B13)) -> 12273 | F13: =IF($D13=0,"",AVERAGEIFS('수집 현황'!$H$6:$H$105,'수집 현황'!$C$6:$C$105,$B13)) -> 13596.25 | G13: =IF($D13=0,"",_xlfn.MAXIFS('수집 현황'!$H$6:$H$105,'수집 현황'!$C$6:$C$105,$B13)) -> 15766 | H13: =IF('합격 기준 수치표'!D7="","",'합격 기준 수치표'!D7) -> 6000 | I13: =IF('합격 기준 수치표'!E7="","",'합격 기준 수치표'!E7)
A14: p1 | B14: sitting_straight | C14: 등받이 총압력 (원시값 합) | D14: =COUNTIFS('수집 현황'!$C$6:$C$105,$B14,'수집 현황'!$I$6:$I$105,"<>") -> 4 | E14: =IF($D14=0,"",_xlfn.MINIFS('수집 현황'!$I$6:$I$105,'수집 현황'!$C$6:$C$105,$B14)) -> 1471 | F14: =IF($D14=0,"",AVERAGEIFS('수집 현황'!$I$6:$I$105,'수집 현황'!$C$6:$C$105,$B14)) -> 2713.5 | G14: =IF($D14=0,"",_xlfn.MAXIFS('수집 현황'!$I$6:$I$105,'수집 현황'!$C$6:$C$105,$B14)) -> 4050 | H14: =IF('합격 기준 수치표'!F7="","",'합격 기준 수치표'!F7) -> 1000 | I14: =IF('합격 기준 수치표'!G7="","",'합격 기준 수치표'!G7)
A15: p1 | B15: sitting_straight | C15: 엉덩이 줄 비중 (%) | D15: =COUNTIFS('수집 현황'!$C$6:$C$105,$B15,'수집 현황'!$J$6:$J$105,"<>") -> 4 | E15: =IF($D15=0,"",_xlfn.MINIFS('수집 현황'!$J$6:$J$105,'수집 현황'!$C$6:$C$105,$B15)) -> 32.7 | F15: =IF($D15=0,"",AVERAGEIFS('수집 현황'!$J$6:$J$105,'수집 현황'!$C$6:$C$105,$B15)) -> 38.825 | G15: =IF($D15=0,"",_xlfn.MAXIFS('수집 현황'!$J$6:$J$105,'수집 현황'!$C$6:$C$105,$B15)) -> 51.3 | H15: =IF('합격 기준 수치표'!H7="","",'합격 기준 수치표'!H7) | I15: =IF('합격 기준 수치표'!I7="","",'합격 기준 수치표'!I7)
A16: p1 | B16: sitting_straight | C16: 방석 오른쪽 비율 (%) | D16: =COUNTIFS('수집 현황'!$C$6:$C$105,$B16,'수집 현황'!$K$6:$K$105,"<>") -> 4 | E16: =IF($D16=0,"",_xlfn.MINIFS('수집 현황'!$K$6:$K$105,'수집 현황'!$C$6:$C$105,$B16)) -> 45.2 | F16: =IF($D16=0,"",AVERAGEIFS('수집 현황'!$K$6:$K$105,'수집 현황'!$C$6:$C$105,$B16)) -> 49.75 | G16: =IF($D16=0,"",_xlfn.MAXIFS('수집 현황'!$K$6:$K$105,'수집 현황'!$C$6:$C$105,$B16)) -> 55.5 | H16: =IF('합격 기준 수치표'!J7="","",'합격 기준 수치표'!J7) -> 40 | I16: =IF('합격 기준 수치표'!K7="","",'합격 기준 수치표'!K7) -> 60
A17: p1 | B17: sitting_straight | C17: 등받이 오른쪽 비율 (%) | D17: =COUNTIFS('수집 현황'!$C$6:$C$105,$B17,'수집 현황'!$L$6:$L$105,"<>") -> 4 | E17: =IF($D17=0,"",_xlfn.MINIFS('수집 현황'!$L$6:$L$105,'수집 현황'!$C$6:$C$105,$B17)) -> 44.7 | F17: =IF($D17=0,"",AVERAGEIFS('수집 현황'!$L$6:$L$105,'수집 현황'!$C$6:$C$105,$B17)) -> 64.925 | G17: =IF($D17=0,"",_xlfn.MAXIFS('수집 현황'!$L$6:$L$105,'수집 현황'!$C$6:$C$105,$B17)) -> 100 | H17: =IF('합격 기준 수치표'!L7="","",'합격 기준 수치표'!L7) | I17: =IF('합격 기준 수치표'!M7="","",'합격 기준 수치표'!M7)
A18: p1 | B18: sitting_straight | C18: 등받이 어깨 줄 비중 (%) | D18: =COUNTIFS('수집 현황'!$C$6:$C$105,$B18,'수집 현황'!$M$6:$M$105,"<>") -> 4 | E18: =IF($D18=0,"",_xlfn.MINIFS('수집 현황'!$M$6:$M$105,'수집 현황'!$C$6:$C$105,$B18)) -> 0 | F18: =IF($D18=0,"",AVERAGEIFS('수집 현황'!$M$6:$M$105,'수집 현황'!$C$6:$C$105,$B18)) -> 6.1 | G18: =IF($D18=0,"",_xlfn.MAXIFS('수집 현황'!$M$6:$M$105,'수집 현황'!$C$6:$C$105,$B18)) -> 23 | H18: =IF('합격 기준 수치표'!N7="","",'합격 기준 수치표'!N7) | I18: =IF('합격 기준 수치표'!O7="","",'합격 기준 수치표'!O7)
A19: p1 | B19: sitting_straight | C19: 등받이 반응 채널 수 (개) | D19: =COUNTIFS('수집 현황'!$C$6:$C$105,$B19,'수집 현황'!$N$6:$N$105,"<>") -> 4 | E19: =IF($D19=0,"",_xlfn.MINIFS('수집 현황'!$N$6:$N$105,'수집 현황'!$C$6:$C$105,$B19)) -> 6 | F19: =IF($D19=0,"",AVERAGEIFS('수집 현황'!$N$6:$N$105,'수집 현황'!$C$6:$C$105,$B19)) -> 12.5 | G19: =IF($D19=0,"",_xlfn.MAXIFS('수집 현황'!$N$6:$N$105,'수집 현황'!$C$6:$C$105,$B19)) -> 15 | H19: =IF('합격 기준 수치표'!P7="","",'합격 기준 수치표'!P7) -> 4 | I19: =IF('합격 기준 수치표'!Q7="","",'합격 기준 수치표'!Q7)
A20: p2 | B20: lean_forward | C20: 방석 총압력 (원시값 합) | D20: =COUNTIFS('수집 현황'!$C$6:$C$105,$B20,'수집 현황'!$H$6:$H$105,"<>") -> 3 | E20: =IF($D20=0,"",_xlfn.MINIFS('수집 현황'!$H$6:$H$105,'수집 현황'!$C$6:$C$105,$B20)) -> 9737 | F20: =IF($D20=0,"",AVERAGEIFS('수집 현황'!$H$6:$H$105,'수집 현황'!$C$6:$C$105,$B20)) -> 11081 | G20: =IF($D20=0,"",_xlfn.MAXIFS('수집 현황'!$H$6:$H$105,'수집 현황'!$C$6:$C$105,$B20)) -> 12234 | H20: =IF('합격 기준 수치표'!D8="","",'합격 기준 수치표'!D8) -> 6000 | I20: =IF('합격 기준 수치표'!E8="","",'합격 기준 수치표'!E8)
A21: p2 | B21: lean_forward | C21: 등받이 총압력 (원시값 합) | D21: =COUNTIFS('수집 현황'!$C$6:$C$105,$B21,'수집 현황'!$I$6:$I$105,"<>") -> 3 | E21: =IF($D21=0,"",_xlfn.MINIFS('수집 현황'!$I$6:$I$105,'수집 현황'!$C$6:$C$105,$B21)) -> 0 | F21: =IF($D21=0,"",AVERAGEIFS('수집 현황'!$I$6:$I$105,'수집 현황'!$C$6:$C$105,$B21)) -> 0 | G21: =IF($D21=0,"",_xlfn.MAXIFS('수집 현황'!$I$6:$I$105,'수집 현황'!$C$6:$C$105,$B21)) -> 0 | H21: =IF('합격 기준 수치표'!F8="","",'합격 기준 수치표'!F8) | I21: =IF('합격 기준 수치표'!G8="","",'합격 기준 수치표'!G8) -> 100
A22: p2 | B22: lean_forward | C22: 엉덩이 줄 비중 (%) | D22: =COUNTIFS('수집 현황'!$C$6:$C$105,$B22,'수집 현황'!$J$6:$J$105,"<>") -> 3 | E22: =IF($D22=0,"",_xlfn.MINIFS('수집 현황'!$J$6:$J$105,'수집 현황'!$C$6:$C$105,$B22)) -> 18.2 | F22: =IF($D22=0,"",AVERAGEIFS('수집 현황'!$J$6:$J$105,'수집 현황'!$C$6:$C$105,$B22)) -> 22.366667 | G22: =IF($D22=0,"",_xlfn.MAXIFS('수집 현황'!$J$6:$J$105,'수집 현황'!$C$6:$C$105,$B22)) -> 29.5 | H22: =IF('합격 기준 수치표'!H8="","",'합격 기준 수치표'!H8) | I22: =IF('합격 기준 수치표'!I8="","",'합격 기준 수치표'!I8) -> 32
A23: p2 | B23: lean_forward | C23: 방석 오른쪽 비율 (%) | D23: =COUNTIFS('수집 현황'!$C$6:$C$105,$B23,'수집 현황'!$K$6:$K$105,"<>") -> 3 | E23: =IF($D23=0,"",_xlfn.MINIFS('수집 현황'!$K$6:$K$105,'수집 현황'!$C$6:$C$105,$B23)) -> 47.2 | F23: =IF($D23=0,"",AVERAGEIFS('수집 현황'!$K$6:$K$105,'수집 현황'!$C$6:$C$105,$B23)) -> 50.566667 | G23: =IF($D23=0,"",_xlfn.MAXIFS('수집 현황'!$K$6:$K$105,'수집 현황'!$C$6:$C$105,$B23)) -> 52.6 | H23: =IF('합격 기준 수치표'!J8="","",'합격 기준 수치표'!J8) -> 40 | I23: =IF('합격 기준 수치표'!K8="","",'합격 기준 수치표'!K8) -> 60
A24: p2 | B24: lean_forward | C24: 등받이 오른쪽 비율 (%) | D24: =COUNTIFS('수집 현황'!$C$6:$C$105,$B24,'수집 현황'!$L$6:$L$105,"<>") -> 0 | E24: =IF($D24=0,"",_xlfn.MINIFS('수집 현황'!$L$6:$L$105,'수집 현황'!$C$6:$C$105,$B24)) | F24: =IF($D24=0,"",AVERAGEIFS('수집 현황'!$L$6:$L$105,'수집 현황'!$C$6:$C$105,$B24)) | G24: =IF($D24=0,"",_xlfn.MAXIFS('수집 현황'!$L$6:$L$105,'수집 현황'!$C$6:$C$105,$B24)) | H24: =IF('합격 기준 수치표'!L8="","",'합격 기준 수치표'!L8) | I24: =IF('합격 기준 수치표'!M8="","",'합격 기준 수치표'!M8)
A25: p2 | B25: lean_forward | C25: 등받이 어깨 줄 비중 (%) | D25: =COUNTIFS('수집 현황'!$C$6:$C$105,$B25,'수집 현황'!$M$6:$M$105,"<>") -> 0 | E25: =IF($D25=0,"",_xlfn.MINIFS('수집 현황'!$M$6:$M$105,'수집 현황'!$C$6:$C$105,$B25)) | F25: =IF($D25=0,"",AVERAGEIFS('수집 현황'!$M$6:$M$105,'수집 현황'!$C$6:$C$105,$B25)) | G25: =IF($D25=0,"",_xlfn.MAXIFS('수집 현황'!$M$6:$M$105,'수집 현황'!$C$6:$C$105,$B25)) | H25: =IF('합격 기준 수치표'!N8="","",'합격 기준 수치표'!N8) | I25: =IF('합격 기준 수치표'!O8="","",'합격 기준 수치표'!O8)
A26: p2 | B26: lean_forward | C26: 등받이 반응 채널 수 (개) | D26: =COUNTIFS('수집 현황'!$C$6:$C$105,$B26,'수집 현황'!$N$6:$N$105,"<>") -> 3 | E26: =IF($D26=0,"",_xlfn.MINIFS('수집 현황'!$N$6:$N$105,'수집 현황'!$C$6:$C$105,$B26)) -> 0 | F26: =IF($D26=0,"",AVERAGEIFS('수집 현황'!$N$6:$N$105,'수집 현황'!$C$6:$C$105,$B26)) -> 0 | G26: =IF($D26=0,"",_xlfn.MAXIFS('수집 현황'!$N$6:$N$105,'수집 현황'!$C$6:$C$105,$B26)) -> 0 | H26: =IF('합격 기준 수치표'!P8="","",'합격 기준 수치표'!P8) | I26: =IF('합격 기준 수치표'!Q8="","",'합격 기준 수치표'!Q8)
A27: p3 | B27: cross_leg_right | C27: 방석 총압력 (원시값 합) | D27: =COUNTIFS('수집 현황'!$C$6:$C$105,$B27,'수집 현황'!$H$6:$H$105,"<>") -> 4 | E27: =IF($D27=0,"",_xlfn.MINIFS('수집 현황'!$H$6:$H$105,'수집 현황'!$C$6:$C$105,$B27)) -> 10400 | F27: =IF($D27=0,"",AVERAGEIFS('수집 현황'!$H$6:$H$105,'수집 현황'!$C$6:$C$105,$B27)) -> 12423.25 | G27: =IF($D27=0,"",_xlfn.MAXIFS('수집 현황'!$H$6:$H$105,'수집 현황'!$C$6:$C$105,$B27)) -> 15639 | H27: =IF('합격 기준 수치표'!D9="","",'합격 기준 수치표'!D9) -> 6000 | I27: =IF('합격 기준 수치표'!E9="","",'합격 기준 수치표'!E9)
A28: p3 | B28: cross_leg_right | C28: 등받이 총압력 (원시값 합) | D28: =COUNTIFS('수집 현황'!$C$6:$C$105,$B28,'수집 현황'!$I$6:$I$105,"<>") -> 4 | E28: =IF($D28=0,"",_xlfn.MINIFS('수집 현황'!$I$6:$I$105,'수집 현황'!$C$6:$C$105,$B28)) -> 1855 | F28: =IF($D28=0,"",AVERAGEIFS('수집 현황'!$I$6:$I$105,'수집 현황'!$C$6:$C$105,$B28)) -> 2697 | G28: =IF($D28=0,"",_xlfn.MAXIFS('수집 현황'!$I$6:$I$105,'수집 현황'!$C$6:$C$105,$B28)) -> 4179 | H28: =IF('합격 기준 수치표'!F9="","",'합격 기준 수치표'!F9) -> 500 | I28: =IF('합격 기준 수치표'!G9="","",'합격 기준 수치표'!G9)
A29: p3 | B29: cross_leg_right | C29: 엉덩이 줄 비중 (%) | D29: =COUNTIFS('수집 현황'!$C$6:$C$105,$B29,'수집 현황'!$J$6:$J$105,"<>") -> 4 | E29: =IF($D29=0,"",_xlfn.MINIFS('수집 현황'!$J$6:$J$105,'수집 현황'!$C$6:$C$105,$B29)) -> 40.7 | F29: =IF($D29=0,"",AVERAGEIFS('수집 현황'!$J$6:$J$105,'수집 현황'!$C$6:$C$105,$B29)) -> 47.65 | G29: =IF($D29=0,"",_xlfn.MAXIFS('수집 현황'!$J$6:$J$105,'수집 현황'!$C$6:$C$105,$B29)) -> 61.4 | H29: =IF('합격 기준 수치표'!H9="","",'합격 기준 수치표'!H9) | I29: =IF('합격 기준 수치표'!I9="","",'합격 기준 수치표'!I9)
A30: p3 | B30: cross_leg_right | C30: 방석 오른쪽 비율 (%) | D30: =COUNTIFS('수집 현황'!$C$6:$C$105,$B30,'수집 현황'!$K$6:$K$105,"<>") -> 4 | E30: =IF($D30=0,"",_xlfn.MINIFS('수집 현황'!$K$6:$K$105,'수집 현황'!$C$6:$C$105,$B30)) -> 36.2 | F30: =IF($D30=0,"",AVERAGEIFS('수집 현황'!$K$6:$K$105,'수집 현황'!$C$6:$C$105,$B30)) -> 40.375 | G30: =IF($D30=0,"",_xlfn.MAXIFS('수집 현황'!$K$6:$K$105,'수집 현황'!$C$6:$C$105,$B30)) -> 43.5 | H30: =IF('합격 기준 수치표'!J9="","",'합격 기준 수치표'!J9) | I30: =IF('합격 기준 수치표'!K9="","",'합격 기준 수치표'!K9) -> 46
A31: p3 | B31: cross_leg_right | C31: 등받이 오른쪽 비율 (%) | D31: =COUNTIFS('수집 현황'!$C$6:$C$105,$B31,'수집 현황'!$L$6:$L$105,"<>") -> 4 | E31: =IF($D31=0,"",_xlfn.MINIFS('수집 현황'!$L$6:$L$105,'수집 현황'!$C$6:$C$105,$B31)) -> 23.6 | F31: =IF($D31=0,"",AVERAGEIFS('수집 현황'!$L$6:$L$105,'수집 현황'!$C$6:$C$105,$B31)) -> 41.95 | G31: =IF($D31=0,"",_xlfn.MAXIFS('수집 현황'!$L$6:$L$105,'수집 현황'!$C$6:$C$105,$B31)) -> 58.8 | H31: =IF('합격 기준 수치표'!L9="","",'합격 기준 수치표'!L9) | I31: =IF('합격 기준 수치표'!M9="","",'합격 기준 수치표'!M9)
A32: p3 | B32: cross_leg_right | C32: 등받이 어깨 줄 비중 (%) | D32: =COUNTIFS('수집 현황'!$C$6:$C$105,$B32,'수집 현황'!$M$6:$M$105,"<>") -> 4 | E32: =IF($D32=0,"",_xlfn.MINIFS('수집 현황'!$M$6:$M$105,'수집 현황'!$C$6:$C$105,$B32)) -> 0 | F32: =IF($D32=0,"",AVERAGEIFS('수집 현황'!$M$6:$M$105,'수집 현황'!$C$6:$C$105,$B32)) -> 12 | G32: =IF($D32=0,"",_xlfn.MAXIFS('수집 현황'!$M$6:$M$105,'수집 현황'!$C$6:$C$105,$B32)) -> 46.4 | H32: =IF('합격 기준 수치표'!N9="","",'합격 기준 수치표'!N9) | I32: =IF('합격 기준 수치표'!O9="","",'합격 기준 수치표'!O9)
A33: p3 | B33: cross_leg_right | C33: 등받이 반응 채널 수 (개) | D33: =COUNTIFS('수집 현황'!$C$6:$C$105,$B33,'수집 현황'!$N$6:$N$105,"<>") -> 4 | E33: =IF($D33=0,"",_xlfn.MINIFS('수집 현황'!$N$6:$N$105,'수집 현황'!$C$6:$C$105,$B33)) -> 11 | F33: =IF($D33=0,"",AVERAGEIFS('수집 현황'!$N$6:$N$105,'수집 현황'!$C$6:$C$105,$B33)) -> 12.25 | G33: =IF($D33=0,"",_xlfn.MAXIFS('수집 현황'!$N$6:$N$105,'수집 현황'!$C$6:$C$105,$B33)) -> 14 | H33: =IF('합격 기준 수치표'!P9="","",'합격 기준 수치표'!P9) -> 4 | I33: =IF('합격 기준 수치표'!Q9="","",'합격 기준 수치표'!Q9)
A34: p4 | B34: cross_leg_left | C34: 방석 총압력 (원시값 합) | D34: =COUNTIFS('수집 현황'!$C$6:$C$105,$B34,'수집 현황'!$H$6:$H$105,"<>") -> 4 | E34: =IF($D34=0,"",_xlfn.MINIFS('수집 현황'!$H$6:$H$105,'수집 현황'!$C$6:$C$105,$B34)) -> 12081 | F34: =IF($D34=0,"",AVERAGEIFS('수집 현황'!$H$6:$H$105,'수집 현황'!$C$6:$C$105,$B34)) -> 13135.5 | G34: =IF($D34=0,"",_xlfn.MAXIFS('수집 현황'!$H$6:$H$105,'수집 현황'!$C$6:$C$105,$B34)) -> 15265 | H34: =IF('합격 기준 수치표'!D10="","",'합격 기준 수치표'!D10) -> 6000 | I34: =IF('합격 기준 수치표'!E10="","",'합격 기준 수치표'!E10)
A35: p4 | B35: cross_leg_left | C35: 등받이 총압력 (원시값 합) | D35: =COUNTIFS('수집 현황'!$C$6:$C$105,$B35,'수집 현황'!$I$6:$I$105,"<>") -> 4 | E35: =IF($D35=0,"",_xlfn.MINIFS('수집 현황'!$I$6:$I$105,'수집 현황'!$C$6:$C$105,$B35)) -> 1680 | F35: =IF($D35=0,"",AVERAGEIFS('수집 현황'!$I$6:$I$105,'수집 현황'!$C$6:$C$105,$B35)) -> 2225.25 | G35: =IF($D35=0,"",_xlfn.MAXIFS('수집 현황'!$I$6:$I$105,'수집 현황'!$C$6:$C$105,$B35)) -> 2820 | H35: =IF('합격 기준 수치표'!F10="","",'합격 기준 수치표'!F10) -> 500 | I35: =IF('합격 기준 수치표'!G10="","",'합격 기준 수치표'!G10)
A36: p4 | B36: cross_leg_left | C36: 엉덩이 줄 비중 (%) | D36: =COUNTIFS('수집 현황'!$C$6:$C$105,$B36,'수집 현황'!$J$6:$J$105,"<>") -> 4 | E36: =IF($D36=0,"",_xlfn.MINIFS('수집 현황'!$J$6:$J$105,'수집 현황'!$C$6:$C$105,$B36)) -> 34.8 | F36: =IF($D36=0,"",AVERAGEIFS('수집 현황'!$J$6:$J$105,'수집 현황'!$C$6:$C$105,$B36)) -> 43.75 | G36: =IF($D36=0,"",_xlfn.MAXIFS('수집 현황'!$J$6:$J$105,'수집 현황'!$C$6:$C$105,$B36)) -> 56.6 | H36: =IF('합격 기준 수치표'!H10="","",'합격 기준 수치표'!H10) | I36: =IF('합격 기준 수치표'!I10="","",'합격 기준 수치표'!I10)
A37: p4 | B37: cross_leg_left | C37: 방석 오른쪽 비율 (%) | D37: =COUNTIFS('수집 현황'!$C$6:$C$105,$B37,'수집 현황'!$K$6:$K$105,"<>") -> 4 | E37: =IF($D37=0,"",_xlfn.MINIFS('수집 현황'!$K$6:$K$105,'수집 현황'!$C$6:$C$105,$B37)) -> 62.9 | F37: =IF($D37=0,"",AVERAGEIFS('수집 현황'!$K$6:$K$105,'수집 현황'!$C$6:$C$105,$B37)) -> 64.775 | G37: =IF($D37=0,"",_xlfn.MAXIFS('수집 현황'!$K$6:$K$105,'수집 현황'!$C$6:$C$105,$B37)) -> 66.7 | H37: =IF('합격 기준 수치표'!J10="","",'합격 기준 수치표'!J10) -> 60 | I37: =IF('합격 기준 수치표'!K10="","",'합격 기준 수치표'!K10)
A38: p4 | B38: cross_leg_left | C38: 등받이 오른쪽 비율 (%) | D38: =COUNTIFS('수집 현황'!$C$6:$C$105,$B38,'수집 현황'!$L$6:$L$105,"<>") -> 4 | E38: =IF($D38=0,"",_xlfn.MINIFS('수집 현황'!$L$6:$L$105,'수집 현황'!$C$6:$C$105,$B38)) -> 0 | F38: =IF($D38=0,"",AVERAGEIFS('수집 현황'!$L$6:$L$105,'수집 현황'!$C$6:$C$105,$B38)) -> 44.45 | G38: =IF($D38=0,"",_xlfn.MAXIFS('수집 현황'!$L$6:$L$105,'수집 현황'!$C$6:$C$105,$B38)) -> 78.2 | H38: =IF('합격 기준 수치표'!L10="","",'합격 기준 수치표'!L10) | I38: =IF('합격 기준 수치표'!M10="","",'합격 기준 수치표'!M10)
A39: p4 | B39: cross_leg_left | C39: 등받이 어깨 줄 비중 (%) | D39: =COUNTIFS('수집 현황'!$C$6:$C$105,$B39,'수집 현황'!$M$6:$M$105,"<>") -> 4 | E39: =IF($D39=0,"",_xlfn.MINIFS('수집 현황'!$M$6:$M$105,'수집 현황'!$C$6:$C$105,$B39)) -> 0 | F39: =IF($D39=0,"",AVERAGEIFS('수집 현황'!$M$6:$M$105,'수집 현황'!$C$6:$C$105,$B39)) -> 12.55 | G39: =IF($D39=0,"",_xlfn.MAXIFS('수집 현황'!$M$6:$M$105,'수집 현황'!$C$6:$C$105,$B39)) -> 36.3 | H39: =IF('합격 기준 수치표'!N10="","",'합격 기준 수치표'!N10) | I39: =IF('합격 기준 수치표'!O10="","",'합격 기준 수치표'!O10)
A40: p4 | B40: cross_leg_left | C40: 등받이 반응 채널 수 (개) | D40: =COUNTIFS('수집 현황'!$C$6:$C$105,$B40,'수집 현황'!$N$6:$N$105,"<>") -> 4 | E40: =IF($D40=0,"",_xlfn.MINIFS('수집 현황'!$N$6:$N$105,'수집 현황'!$C$6:$C$105,$B40)) -> 7 | F40: =IF($D40=0,"",AVERAGEIFS('수집 현황'!$N$6:$N$105,'수집 현황'!$C$6:$C$105,$B40)) -> 11.5 | G40: =IF($D40=0,"",_xlfn.MAXIFS('수집 현황'!$N$6:$N$105,'수집 현황'!$C$6:$C$105,$B40)) -> 14 | H40: =IF('합격 기준 수치표'!P10="","",'합격 기준 수치표'!P10) -> 4 | I40: =IF('합격 기준 수치표'!Q10="","",'합격 기준 수치표'!Q10)
A41: p5 | B41: lean_right | C41: 방석 총압력 (원시값 합) | D41: =COUNTIFS('수집 현황'!$C$6:$C$105,$B41,'수집 현황'!$H$6:$H$105,"<>") -> 4 | E41: =IF($D41=0,"",_xlfn.MINIFS('수집 현황'!$H$6:$H$105,'수집 현황'!$C$6:$C$105,$B41)) -> 9694 | F41: =IF($D41=0,"",AVERAGEIFS('수집 현황'!$H$6:$H$105,'수집 현황'!$C$6:$C$105,$B41)) -> 11667.5 | G41: =IF($D41=0,"",_xlfn.MAXIFS('수집 현황'!$H$6:$H$105,'수집 현황'!$C$6:$C$105,$B41)) -> 13716 | H41: =IF('합격 기준 수치표'!D11="","",'합격 기준 수치표'!D11) -> 6000 | I41: =IF('합격 기준 수치표'!E11="","",'합격 기준 수치표'!E11)
A42: p5 | B42: lean_right | C42: 등받이 총압력 (원시값 합) | D42: =COUNTIFS('수집 현황'!$C$6:$C$105,$B42,'수집 현황'!$I$6:$I$105,"<>") -> 4 | E42: =IF($D42=0,"",_xlfn.MINIFS('수집 현황'!$I$6:$I$105,'수집 현황'!$C$6:$C$105,$B42)) -> 1890 | F42: =IF($D42=0,"",AVERAGEIFS('수집 현황'!$I$6:$I$105,'수집 현황'!$C$6:$C$105,$B42)) -> 2757 | G42: =IF($D42=0,"",_xlfn.MAXIFS('수집 현황'!$I$6:$I$105,'수집 현황'!$C$6:$C$105,$B42)) -> 4438 | H42: =IF('합격 기준 수치표'!F11="","",'합격 기준 수치표'!F11) -> 1000 | I42: =IF('합격 기준 수치표'!G11="","",'합격 기준 수치표'!G11)
A43: p5 | B43: lean_right | C43: 엉덩이 줄 비중 (%) | D43: =COUNTIFS('수집 현황'!$C$6:$C$105,$B43,'수집 현황'!$J$6:$J$105,"<>") -> 4 | E43: =IF($D43=0,"",_xlfn.MINIFS('수집 현황'!$J$6:$J$105,'수집 현황'!$C$6:$C$105,$B43)) -> 29.6 | F43: =IF($D43=0,"",AVERAGEIFS('수집 현황'!$J$6:$J$105,'수집 현황'!$C$6:$C$105,$B43)) -> 38.2 | G43: =IF($D43=0,"",_xlfn.MAXIFS('수집 현황'!$J$6:$J$105,'수집 현황'!$C$6:$C$105,$B43)) -> 51.7 | H43: =IF('합격 기준 수치표'!H11="","",'합격 기준 수치표'!H11) | I43: =IF('합격 기준 수치표'!I11="","",'합격 기준 수치표'!I11)
A44: p5 | B44: lean_right | C44: 방석 오른쪽 비율 (%) | D44: =COUNTIFS('수집 현황'!$C$6:$C$105,$B44,'수집 현황'!$K$6:$K$105,"<>") -> 4 | E44: =IF($D44=0,"",_xlfn.MINIFS('수집 현황'!$K$6:$K$105,'수집 현황'!$C$6:$C$105,$B44)) -> 56.2 | F44: =IF($D44=0,"",AVERAGEIFS('수집 현황'!$K$6:$K$105,'수집 현황'!$C$6:$C$105,$B44)) -> 65.7 | G44: =IF($D44=0,"",_xlfn.MAXIFS('수집 현황'!$K$6:$K$105,'수집 현황'!$C$6:$C$105,$B44)) -> 69.3 | H44: =IF('합격 기준 수치표'!J11="","",'합격 기준 수치표'!J11) -> 52 | I44: =IF('합격 기준 수치표'!K11="","",'합격 기준 수치표'!K11)
A45: p5 | B45: lean_right | C45: 등받이 오른쪽 비율 (%) | D45: =COUNTIFS('수집 현황'!$C$6:$C$105,$B45,'수집 현황'!$L$6:$L$105,"<>") -> 4 | E45: =IF($D45=0,"",_xlfn.MINIFS('수집 현황'!$L$6:$L$105,'수집 현황'!$C$6:$C$105,$B45)) -> 90.1 | F45: =IF($D45=0,"",AVERAGEIFS('수집 현황'!$L$6:$L$105,'수집 현황'!$C$6:$C$105,$B45)) -> 97.5 | G45: =IF($D45=0,"",_xlfn.MAXIFS('수집 현황'!$L$6:$L$105,'수집 현황'!$C$6:$C$105,$B45)) -> 100 | H45: =IF('합격 기준 수치표'!L11="","",'합격 기준 수치표'!L11) -> 80 | I45: =IF('합격 기준 수치표'!M11="","",'합격 기준 수치표'!M11)
A46: p5 | B46: lean_right | C46: 등받이 어깨 줄 비중 (%) | D46: =COUNTIFS('수집 현황'!$C$6:$C$105,$B46,'수집 현황'!$M$6:$M$105,"<>") -> 4 | E46: =IF($D46=0,"",_xlfn.MINIFS('수집 현황'!$M$6:$M$105,'수집 현황'!$C$6:$C$105,$B46)) -> 0.7 | F46: =IF($D46=0,"",AVERAGEIFS('수집 현황'!$M$6:$M$105,'수집 현황'!$C$6:$C$105,$B46)) -> 20.025 | G46: =IF($D46=0,"",_xlfn.MAXIFS('수집 현황'!$M$6:$M$105,'수집 현황'!$C$6:$C$105,$B46)) -> 34.9 | H46: =IF('합격 기준 수치표'!N11="","",'합격 기준 수치표'!N11) | I46: =IF('합격 기준 수치표'!O11="","",'합격 기준 수치표'!O11)
A47: p5 | B47: lean_right | C47: 등받이 반응 채널 수 (개) | D47: =COUNTIFS('수집 현황'!$C$6:$C$105,$B47,'수집 현황'!$N$6:$N$105,"<>") -> 4 | E47: =IF($D47=0,"",_xlfn.MINIFS('수집 현황'!$N$6:$N$105,'수집 현황'!$C$6:$C$105,$B47)) -> 7 | F47: =IF($D47=0,"",AVERAGEIFS('수집 현황'!$N$6:$N$105,'수집 현황'!$C$6:$C$105,$B47)) -> 10 | G47: =IF($D47=0,"",_xlfn.MAXIFS('수집 현황'!$N$6:$N$105,'수집 현황'!$C$6:$C$105,$B47)) -> 12 | H47: =IF('합격 기준 수치표'!P11="","",'합격 기준 수치표'!P11) -> 4 | I47: =IF('합격 기준 수치표'!Q11="","",'합격 기준 수치표'!Q11)
A48: p6 | B48: lean_left | C48: 방석 총압력 (원시값 합) | D48: =COUNTIFS('수집 현황'!$C$6:$C$105,$B48,'수집 현황'!$H$6:$H$105,"<>") -> 3 | E48: =IF($D48=0,"",_xlfn.MINIFS('수집 현황'!$H$6:$H$105,'수집 현황'!$C$6:$C$105,$B48)) -> 10836 | F48: =IF($D48=0,"",AVERAGEIFS('수집 현황'!$H$6:$H$105,'수집 현황'!$C$6:$C$105,$B48)) -> 12172.667 | G48: =IF($D48=0,"",_xlfn.MAXIFS('수집 현황'!$H$6:$H$105,'수집 현황'!$C$6:$C$105,$B48)) -> 13118 | H48: =IF('합격 기준 수치표'!D12="","",'합격 기준 수치표'!D12) -> 6000 | I48: =IF('합격 기준 수치표'!E12="","",'합격 기준 수치표'!E12)
A49: p6 | B49: lean_left | C49: 등받이 총압력 (원시값 합) | D49: =COUNTIFS('수집 현황'!$C$6:$C$105,$B49,'수집 현황'!$I$6:$I$105,"<>") -> 3 | E49: =IF($D49=0,"",_xlfn.MINIFS('수집 현황'!$I$6:$I$105,'수집 현황'!$C$6:$C$105,$B49)) -> 3487 | F49: =IF($D49=0,"",AVERAGEIFS('수집 현황'!$I$6:$I$105,'수집 현황'!$C$6:$C$105,$B49)) -> 4084.6667 | G49: =IF($D49=0,"",_xlfn.MAXIFS('수집 현황'!$I$6:$I$105,'수집 현황'!$C$6:$C$105,$B49)) -> 5111 | H49: =IF('합격 기준 수치표'!F12="","",'합격 기준 수치표'!F12) -> 1000 | I49: =IF('합격 기준 수치표'!G12="","",'합격 기준 수치표'!G12)
A50: p6 | B50: lean_left | C50: 엉덩이 줄 비중 (%) | D50: =COUNTIFS('수집 현황'!$C$6:$C$105,$B50,'수집 현황'!$J$6:$J$105,"<>") -> 3 | E50: =IF($D50=0,"",_xlfn.MINIFS('수집 현황'!$J$6:$J$105,'수집 현황'!$C$6:$C$105,$B50)) -> 28 | F50: =IF($D50=0,"",AVERAGEIFS('수집 현황'!$J$6:$J$105,'수집 현황'!$C$6:$C$105,$B50)) -> 31.366667 | G50: =IF($D50=0,"",_xlfn.MAXIFS('수집 현황'!$J$6:$J$105,'수집 현황'!$C$6:$C$105,$B50)) -> 37.1 | H50: =IF('합격 기준 수치표'!H12="","",'합격 기준 수치표'!H12) | I50: =IF('합격 기준 수치표'!I12="","",'합격 기준 수치표'!I12)
A51: p6 | B51: lean_left | C51: 방석 오른쪽 비율 (%) | D51: =COUNTIFS('수집 현황'!$C$6:$C$105,$B51,'수집 현황'!$K$6:$K$105,"<>") -> 3 | E51: =IF($D51=0,"",_xlfn.MINIFS('수집 현황'!$K$6:$K$105,'수집 현황'!$C$6:$C$105,$B51)) -> 44.4 | F51: =IF($D51=0,"",AVERAGEIFS('수집 현황'!$K$6:$K$105,'수집 현황'!$C$6:$C$105,$B51)) -> 49.233333 | G51: =IF($D51=0,"",_xlfn.MAXIFS('수집 현황'!$K$6:$K$105,'수집 현황'!$C$6:$C$105,$B51)) -> 55 | H51: =IF('합격 기준 수치표'!J12="","",'합격 기준 수치표'!J12) | I51: =IF('합격 기준 수치표'!K12="","",'합격 기준 수치표'!K12)
A52: p6 | B52: lean_left | C52: 등받이 오른쪽 비율 (%) | D52: =COUNTIFS('수집 현황'!$C$6:$C$105,$B52,'수집 현황'!$L$6:$L$105,"<>") -> 3 | E52: =IF($D52=0,"",_xlfn.MINIFS('수집 현황'!$L$6:$L$105,'수집 현황'!$C$6:$C$105,$B52)) -> 0 | F52: =IF($D52=0,"",AVERAGEIFS('수집 현황'!$L$6:$L$105,'수집 현황'!$C$6:$C$105,$B52)) -> 5.0666667 | G52: =IF($D52=0,"",_xlfn.MAXIFS('수집 현황'!$L$6:$L$105,'수집 현황'!$C$6:$C$105,$B52)) -> 10.8 | H52: =IF('합격 기준 수치표'!L12="","",'합격 기준 수치표'!L12) | I52: =IF('합격 기준 수치표'!M12="","",'합격 기준 수치표'!M12) -> 20
A53: p6 | B53: lean_left | C53: 등받이 어깨 줄 비중 (%) | D53: =COUNTIFS('수집 현황'!$C$6:$C$105,$B53,'수집 현황'!$M$6:$M$105,"<>") -> 3 | E53: =IF($D53=0,"",_xlfn.MINIFS('수집 현황'!$M$6:$M$105,'수집 현황'!$C$6:$C$105,$B53)) -> 22.9 | F53: =IF($D53=0,"",AVERAGEIFS('수집 현황'!$M$6:$M$105,'수집 현황'!$C$6:$C$105,$B53)) -> 32.533333 | G53: =IF($D53=0,"",_xlfn.MAXIFS('수집 현황'!$M$6:$M$105,'수집 현황'!$C$6:$C$105,$B53)) -> 47.4 | H53: =IF('합격 기준 수치표'!N12="","",'합격 기준 수치표'!N12) | I53: =IF('합격 기준 수치표'!O12="","",'합격 기준 수치표'!O12)
A54: p6 | B54: lean_left | C54: 등받이 반응 채널 수 (개) | D54: =COUNTIFS('수집 현황'!$C$6:$C$105,$B54,'수집 현황'!$N$6:$N$105,"<>") -> 3 | E54: =IF($D54=0,"",_xlfn.MINIFS('수집 현황'!$N$6:$N$105,'수집 현황'!$C$6:$C$105,$B54)) -> 8 | F54: =IF($D54=0,"",AVERAGEIFS('수집 현황'!$N$6:$N$105,'수집 현황'!$C$6:$C$105,$B54)) -> 10.666667 | G54: =IF($D54=0,"",_xlfn.MAXIFS('수집 현황'!$N$6:$N$105,'수집 현황'!$C$6:$C$105,$B54)) -> 14 | H54: =IF('합격 기준 수치표'!P12="","",'합격 기준 수치표'!P12) -> 4 | I54: =IF('합격 기준 수치표'!Q12="","",'합격 기준 수치표'!Q12)
A55: p7 | B55: turtle_neck | C55: 방석 총압력 (원시값 합) | D55: =COUNTIFS('수집 현황'!$C$6:$C$105,$B55,'수집 현황'!$H$6:$H$105,"<>") -> 4 | E55: =IF($D55=0,"",_xlfn.MINIFS('수집 현황'!$H$6:$H$105,'수집 현황'!$C$6:$C$105,$B55)) -> 10977 | F55: =IF($D55=0,"",AVERAGEIFS('수집 현황'!$H$6:$H$105,'수집 현황'!$C$6:$C$105,$B55)) -> 12375.25 | G55: =IF($D55=0,"",_xlfn.MAXIFS('수집 현황'!$H$6:$H$105,'수집 현황'!$C$6:$C$105,$B55)) -> 14676 | H55: =IF('합격 기준 수치표'!D13="","",'합격 기준 수치표'!D13) -> 6000 | I55: =IF('합격 기준 수치표'!E13="","",'합격 기준 수치표'!E13)
A56: p7 | B56: turtle_neck | C56: 등받이 총압력 (원시값 합) | D56: =COUNTIFS('수집 현황'!$C$6:$C$105,$B56,'수집 현황'!$I$6:$I$105,"<>") -> 4 | E56: =IF($D56=0,"",_xlfn.MINIFS('수집 현황'!$I$6:$I$105,'수집 현황'!$C$6:$C$105,$B56)) -> 7 | F56: =IF($D56=0,"",AVERAGEIFS('수집 현황'!$I$6:$I$105,'수집 현황'!$C$6:$C$105,$B56)) -> 769.25 | G56: =IF($D56=0,"",_xlfn.MAXIFS('수집 현황'!$I$6:$I$105,'수집 현황'!$C$6:$C$105,$B56)) -> 1584 | H56: =IF('합격 기준 수치표'!F13="","",'합격 기준 수치표'!F13) -> 400 | I56: =IF('합격 기준 수치표'!G13="","",'합격 기준 수치표'!G13)
A57: p7 | B57: turtle_neck | C57: 엉덩이 줄 비중 (%) | D57: =COUNTIFS('수집 현황'!$C$6:$C$105,$B57,'수집 현황'!$J$6:$J$105,"<>") -> 4 | E57: =IF($D57=0,"",_xlfn.MINIFS('수집 현황'!$J$6:$J$105,'수집 현황'!$C$6:$C$105,$B57)) -> 32.1 | F57: =IF($D57=0,"",AVERAGEIFS('수집 현황'!$J$6:$J$105,'수집 현황'!$C$6:$C$105,$B57)) -> 44.25 | G57: =IF($D57=0,"",_xlfn.MAXIFS('수집 현황'!$J$6:$J$105,'수집 현황'!$C$6:$C$105,$B57)) -> 57.6 | H57: =IF('합격 기준 수치표'!H13="","",'합격 기준 수치표'!H13) | I57: =IF('합격 기준 수치표'!I13="","",'합격 기준 수치표'!I13)
A58: p7 | B58: turtle_neck | C58: 방석 오른쪽 비율 (%) | D58: =COUNTIFS('수집 현황'!$C$6:$C$105,$B58,'수집 현황'!$K$6:$K$105,"<>") -> 4 | E58: =IF($D58=0,"",_xlfn.MINIFS('수집 현황'!$K$6:$K$105,'수집 현황'!$C$6:$C$105,$B58)) -> 50.3 | F58: =IF($D58=0,"",AVERAGEIFS('수집 현황'!$K$6:$K$105,'수집 현황'!$C$6:$C$105,$B58)) -> 52.25 | G58: =IF($D58=0,"",_xlfn.MAXIFS('수집 현황'!$K$6:$K$105,'수집 현황'!$C$6:$C$105,$B58)) -> 55.7 | H58: =IF('합격 기준 수치표'!J13="","",'합격 기준 수치표'!J13) -> 40 | I58: =IF('합격 기준 수치표'!K13="","",'합격 기준 수치표'!K13) -> 60
A59: p7 | B59: turtle_neck | C59: 등받이 오른쪽 비율 (%) | D59: =COUNTIFS('수집 현황'!$C$6:$C$105,$B59,'수집 현황'!$L$6:$L$105,"<>") -> 3 | E59: =IF($D59=0,"",_xlfn.MINIFS('수집 현황'!$L$6:$L$105,'수집 현황'!$C$6:$C$105,$B59)) -> 57.5 | F59: =IF($D59=0,"",AVERAGEIFS('수집 현황'!$L$6:$L$105,'수집 현황'!$C$6:$C$105,$B59)) -> 72.233333 | G59: =IF($D59=0,"",_xlfn.MAXIFS('수집 현황'!$L$6:$L$105,'수집 현황'!$C$6:$C$105,$B59)) -> 100 | H59: =IF('합격 기준 수치표'!L13="","",'합격 기준 수치표'!L13) | I59: =IF('합격 기준 수치표'!M13="","",'합격 기준 수치표'!M13)
